title,price,reference,image_url
pc portable lenovo ideapad 1 15igl7 / n4020 / 8 go / 256 go ssd / gris,699000.0,[82V700KFFE],
pc portable dell / n4000 / 4 go / 500 / gris,699000.0,[EL-DELL-210],
pc portable lenovo ideapad 1 15igl7 / n4020 / 8 go / 256 go ssd / gris avec sacoche offerte,709000.0,[82V700KFFE-SAC],
pc portable lenovo v15 g2 ijl / n4500 / 8 go / 256 go ssd / noir,719000.0,[82QY00PEFE],
pc portable lenovo ideapad 1 15igl7 / n4020 / 8 go / 256 go ssd / bleu,719000.0,[82V700JUFG-2Y],
pc portable asus vivobook 15 x515ka / celeron n4500 / 4 go / 256 go ssd / silver,719000.0,[X515KA-EJ008],
pc portable lenovo ideapad 1 15igl7 / n4020 / 8 go / 256 go ssd / gris,719000.0,[82V700JVFG-2Y],
pc portable lenovo v15 g4 amn / amd dual core / 8 go,725000.0,[82YU0044FE],
pc portable lenovo v15 g4 amn / amd dual core / 8 go avec sacoche offert,729000.0,[82YU0044FESAC],
pc portable lenovo v15 g2 ijl / n4500 / 8 go / 256 go ssd / noir avec sacoche offerte,729000.0,[82QY00PEFE-SAC],
pc portable lenovo ideapad 1 15igl7 / n4020 / 8 go / 256 go ssd / bleu avec sacoche offerte,729000.0,[82V700JUFG-2Y-SAC],
pc portable asus vivobook 15 x515ka / celeron n4500 / 4 go / 256 go ssd / silver avec sacoche offerte,729000.0,[X515KA-EJ008-SAC],
pc portable asus vivobook 15 x515ka / celeron n4500 / 8 go / 256 go ssd / silver,739000.0,[X515KA-EJ008-8],
pc portable asus vivobook 15 x515ka / celeron n4500 / 8 go / 256 go ssd / silver avec sacoche offerte,749000.0,[X515KA-EJ008-8-SAC],
pc portable hp 15-fd0297nk / n100 / 8 go / 256 go ssd / noir,759000.0,[AB1T8EA],
pc portable asus vivobook 15 x515ka / celeron n4500 / 8 go / 256 go ssd / windows 11 pro / silver,759000.0,[X515KA-EJ008-8-W11P],
pc portable lenovo ideapad 1 15igl7 / n4020 / 8 go / 256 go ssd / windows 11 pro / gris,759000.0,[82V700KFFE-W11P],
pc portable lenovo ideapad 1 15amn7 / athlon silver 7120u / 8 go / 256 go ssd / gris avec sacoche lenovo offerte,765000.0,[82VG00Q2FG-2Y],
pc portable lenovo ideapad 1 15igl7 / intel celeron n4020 / 8 go / 256 go ssd / bleu / windows 11 + sacoche lenovo t210 offerte,769000.0,[82V700EJFG-2Y],
pc portable lenovo ideapad 1 15igl7 / intel celeron n4020 / 8 go / 256 go ssd / gris / windows 11 + sacoche lenovo t210 offerte,769000.0,[82V700EFFG-2Y],
pc portable lenovo v15 g2 ijl / n4500 / 16 go / 256 go ssd / noir,775000.0,[82QY00PEFE-16],
pc portable asus vivobook 15 x515ka / celeron n4500 / 4 go / 256 go ssd / windows 11 pro / silver,779000.0,[X515KA-EJ008-W11P],
pc portable lenovo v15 g2 ijl / n4500 / 8 go / 256 go ssd / windows 11 pro / noir,779000.0,[82QY00PEFE-W11P],
pc portable hp 15-fd0297nk / n100 / 8 go / 256 go ssd / noir avec sacoche offerte,779000.0,[AB1T8EA-SAC],
pc portable lenovo ideapad 1 15igl7 / n4020 / 8 go / 256 go ssd / windows 11 pro / gris,779000.0,[82V700JVFG-2Y-W11P],
pc portable lenovo ideapad 1 15igl7 / n4020 / 8 go / 256 go ssd / windows 11 pro / bleu,779000.0,[82V700JUFG-2Y-W11P],
pc portable asus vivobook 15 x515ka / celeron n4500 / 16 go / 256 go ssd / silver,785000.0,[X515KA-EJ008-16],
pc portable lenovo v15 g2 ijl / n4500 / 16 go / 256 go ssd / noir avec sacoche offerte,785000.0,[82QY00PEFE-16-SAC],
pc portable lenovo v15 g4 amn / amd dual core / 8 go / windows 11 pro,785000.0,[82YU0044FE-W11P],
pc portable lenovo ideapad 1 15igl7 / n4020 / 8 go / 256 go ssd / windows 11 pro / bleu avec sacoche offerte,789000.0,[82V700JUFG-2Y-W11P-SAC],
pc portable asus vivobook 15 x515ka / celeron n4500 / 16 go / 256 go ssd / silver avec sacoche offerte,795000.0,[X515KA-EJ008-16-SAC],
pc portable lenovo ideapad 1 15amn7 / athlon silver 7120u / 8 go / 512 go ssd / gris avec sacoche lenovo offerte,809000.0,[82VG00Q6FG-2Y],
pc portable lenovo ideapad 1 15amn7 / athlon silver 7120u / 8 go / 256 go ssd / windows 11 pro / gris avec sacoche lenovo offerte,825000.0,[82VG00Q2FG-2Y-W11P],
pc portable hp 15-fd0297nk / n100 / 8 go / 256 go ssd / windows 11 pro / noir,829000.0,[AB1T8EA-W11P],
pc portable hp 15-fd0297nk / n100 / 16 go / 256 go ssd / noir,829000.0,[AB1T8EA-16],
pc portable lenovo ideapad 1 15igl7 / intel celeron n4020 / 16 go / 256 go ssd / gris / windows 11 + sacoche lenovo t210 offerte,829000.0,[82V700EFFG-2Y-16],
pc portable lenovo v15 g2 ijl / n4500 / 16 go / 256 go ssd / windows 11 pro / noir,835000.0,[82QY00PEFE-16-W11P],
pc portable asus vivobook 15 x515ka / celeron n4500 / 16 go / 256 go ssd / windows 11 pro / silver,845000.0,[X515KA-EJ008-16-W11P],
pc portable lenovo ideapad 1 15amn7 / athlon silver 7120u / 8 go / 512 go ssd / windows 11 pro / gris avec sacoche lenovo offerte,869000.0,[82VG00Q6FG-2Y-W11P],
pc portable lenovo lenovo v15 g2 ijl / n4500 / 32 go / 256 go ssd / noir,919000.0,[82QY00PEFE-32],
pc portable lenovo v15 g2 ijl / n4500 / 32 go / 256 go ssd / noir avec sacoche offerte,929000.0,[82QY00PEFE-32-SAC],
pc portable asus chromebook 14 cx1400cna / intel celeron n3350 / 8 go / chrome zte / silver,939000.0,[90NX03K2-M01090],
pc portable hp 15-fd0297nk / n100 / 32 go / 256 go ssd / noir,939000.0,[AB1T8EA-32],
pc portable dell vostro 3520 / i3-1215u / 20 go / 256 go ssd / noir,965000.0,[3520I3V-UBU-20],
pc portable lenovo v15 g2 ijl / n4500 / 32 go / 256 go ssd / windows 11 pro / noir,979000.0,[82QY00PEFE-32-W11P],
pc portable dell vostro 3520 / i3-1215u / 8 go / 512 go ssd / noir,1019000.0,[V3520I3-UBU],
pc portable dell vostro 3520 / i3-1215u / 8 go / 512 go ssd / noir avec sacoche offert,1029000.0,[V3520I3-UBUSAC],
pc portable asus vivobook 15 x1504 / i3 13è gén / 4 go / win11 / silver,1035000.0,[X1504VA-NJ520W],
pc portable asus vivobook 15 x1504 / i3 13è gén / 4 go / win11 / bleu,1035000.0,[X1504VA-NJ519W],
pc portable dell vostro 3530 / i3-1305u / 8 go / noir,1039000.0,[V3530I3],
pc portable dell vostro 3520 / i3-1215u / 12 go / 512 go ssd / noir avec sacoche offert,1049000.0,[V3520I3-UBU-12SAC],
pc portable asus vivobook 15 x1504 / i3 13è gén / 4 go / win11 / bleu  avec sacoche offerte,1049000.0,[X1504VA-NJ519W-SAC],
pc portable asus vivobook 15 x1504 / i3 13è gén / 4 go / win11 / silver avec sacoche offerte,1049000.0,[X1504VA-NJ520W-SAC],
pc portable hp 15-fd0051nk / i3-n305 / 8 go / 512 go ssd / gold,1049000.0,[A2AN9EA],
pc portable dell vostro 3530 / i3-1305u / 12 go / noir,1049000.0,[V3530I3-12],
pc portable asus vivobook 15 x1504 / i3 13è gén / 8 go / win11 / silver,1059000.0,[X1504VA-NJ520W-8],
pc portable asus vivobook 15 x1504 / i3 13è gén / 8 go / win11 / bleu,1059000.0,[X1504VA-NJ519W-8],
pc portable asus vivobook 15 x1504 / i3-1315u / 8 go / 256 go ssd / windows 11 / bleu,1059000.0,[X1504VA-NJ480W],
pc portable asus vivobook 15 x1504 / i3 13è gén / 8 go / win11 / silver,1059000.0,[X1504VA-NJ432W],
pc portable dell vostro 3400 / i3 11è gén / 16 go / noir / windows 11 pro,1065000.0,[V3400I3-16-512W11P],
pc portable asus vivobook 15 x1504 / i3 13è gén / 8 go / win11 / bleu avec sacoche offerte,1079000.0,[X1504V-NJ519W-8SAC],
pc portable asus vivobook 15 x1504 / i3 13è gén / 12 go / win11 / silver,1079000.0,[X1504VA-NJ432W-12],
pc portable asus vivobook 15 x1504 / i3 13è gén / 8 go / win11 / silver  avec sacoche offerte,1079000.0,[X1504V-NJ520W-8SAC],
pc portable dell vostro 3520 / i3-1215u / 16 go / 512 go ssd / noir,1079000.0,[V3520I3-UBU-16],
pc portable asus vivobook 15 x1504 / i3 13è gén / 12 go / win11 / bleu,1079000.0,[X1504VA-NJ480W-12],
pc portable dell vostro 3530 / i3-1305u / 16 go / noir,1089000.0,[V3530I3-16],
pc portable msi modern 15 - b12mo / i3-1215u / 16 go / 512 go ssd,1099000.0,[B12MO-1019XFR],
pc portable dell vostro 3520 / i3-1215u / 8 go / 512 go ssd /windows 11 pro /noir,1099000.0,[V3520I3-UBUW11P],
pc portable asus vivobook go 15 e1504ga / i3-n305 / 8 go / windows 11 / noir,1099000.0,[E1504GA-NJ092W],
pc portable asus vivobook 15 x1504 / i3 13è gén / 12 go / win11 / bleu,1109000.0,[X1504VA-NJ519W-12],
pc portable hp 15-fd0051nk / i3-n305 / 8 go / 512 go ssd / gold / windows 11 pro,1109000.0,[A2AN9EA-W11P],
pc portable asus vivobook 15 x1504 / i3 13è gén / 12 go / win11 / silver,1109000.0,[X1504VA-NJ520W-12],
pc portable hp 15-fd0051nk / i3-n305 / 16 go / 512 go ssd / gold,1109000.0,[A2AN9EA-16],
pc portable dell vostro 3520 / i3-1215u / 24 go / 512 go ssd / noir,1119000.0,[V3520I3-UBU-24],
pc portable asus expertbook b2 b2502cba / i3-1215u /  8go / 512go ssd / bleu,1119000.0,[B2502CBA-KJ1662],
pc portable lenovo v15 g3 iap / i3-1215u / 8 go / 512 go ssd / noir avec sacoche,1129000.0,[82TT00RJFE-2Y],
pc portable asus vivobook 15 x1504 / i3 13è gén / 16 go / win11 / bleu,1129000.0,[X1504VA-NJ480W-16],
pc portable asus vivobook 15 x1504 / i3 13è gén / 16 go / win11 / silver,1129000.0,[X1504VA-NJ432W-16],
pc portable asus asus chromebook 15 cx1500cka / intel pentium silver n6000 / 8 go / chrome zte / silver,1129000.0,[90NX03Y2-M00240],
pc portable dell vostro 3530 / i3-1305u / 24 go / noir,1129000.0,[V3530I3-24],
pc portable asus vivobook 15 x1504va / i3-1315u / 8 go / 512 go ssd / windows 11 / bleu,1139000.0,[X1504VA-NJ518W],
pc portable hp 15-fd0053nk / i3-n305 / 8 go / 512 go ssd / silver,1149000.0,[A2AP0EA],
pc portable hp 15-fd0052nk / i3-n305 / 8 go / 512 go ssd / bleu,1149000.0,[A2MM1EA],
pc portable asus vivobook 15 x1504 / i3 13è gén / 20 go / win11 / bleu,1149000.0,[X1504VA-NJ519W-20],
pc portable asus vivobook 15 x1504 / i3 13è gén / 20 go / win11 / silver,1149000.0,[X1504VA-NJ520W-20],
pc portable msi modern 15 - b12mo / i3-1215u / 16 go / 512 go ssd / windows 11 pro,1159000.0,[B12MO-1019XFR-W],
pc portable asus vivobook 15 x1504 / i3 13è gén / 24 go / win11 / silver,1159000.0,[X1504VA-NJ432W-24],
pc portable dell vostro 3530 / i3-1305u / 8 go / 512 go ssd / noir,1179000.0,[N1612QVNB3530-UBU],
pc portable asus expertbook b2 b2502cba / i3-1215u /  16go / 512go ssd / bleu,1189000.0,[B2502CBA-KJ1662-16],
pc portable dell vostro 3530 / i3-1305u / 8 go / noir,1189000.0,[N1612PVNB3530-UBU],
pc portable dell vostro 3520 / i3-1215u / 32 go / 512 go ssd / noir,1189000.0,[V3520I3-UBU-32],
pc portable dell vostro 3530 / i3-1305u / 32 go / noir,1205000.0,[V3530I3-32],
pc portable hp 15-fd0053nk / i3-n305 / 8 go / 512 go ssd / windows 11 / silver,1209000.0,[A2AP0EA-W11P],
pc portable hp 15-fd0051nk / i3-n305 / 32 go / 512 go ssd / gold,1209000.0,[A2AN9EA-32],
pc portable hp 15-fd0053nk / i3-n305 / 16 go / 512 go ssd / silver,1209000.0,[A2AP0EA-16],
pc portable hp 15-fd0052nk / i3-n305 / 16 go / 512 go ssd / bleu,1209000.0,[A2MM1EA-16],
pc portable dell vostro 3530 / i3-1305u / 12 go / noir,1209000.0,[N1612PVNB3530-UBU-12],
pc portable asus expertbook b2 b2502cba / i3-1215u /  24 go / 512go ssd / bleu,1229000.0,[B2502CBA-KJ1662-24],
pc portable dell vostro 3530 / i3-1305u / 16 go / noir,1229000.0,[N1612PVNB3530-UBU-16],
pc portable dell vostro 3530 / i3-1305u / 16 go / noir / windows 11 pro,1235000.0,[V3530I3-16-W11P],
pc portable dell vostro 3530 / i3-1305u / 16 go / 512 go ssd / noir,1239000.0,[N1612QVNB3530-UBU-16],
pc portable asus vivobook 15 x1504 / i3 13è gén / 20 go / win11 / bleu  avec sacoche offerte,1239000.0,[X1504V-NJ519-20SAC],
pc portable asus vivobook 15 x1502za / i3 12è gén / 20 go / win11 / bleu + sac à dos offerte,1250000.0,[X1502ZA-EJ674W-20],
pc portable asus vivobook 15 x1504va / u3-100u / 8 go / 512 go ssd / windows 11 / bleu,1255000.0,[X1504VA-NJ784W],
pc portable dell vostro 3525 / ryzen 5 5500u  / 12 go / 512 go / windows 11,1259000.0,[V3525RYZEN5-12],
pc portable hp 15-fd0053nk / i3-n305 / 16 go / 512 go ssd / windows 11 / silver,1269000.0,[A2AP0EA-16-W11P],
pc portable dell vostro 3530 / i3-1305u / 24 go / noir,1275000.0,[N1612PVNB3530-UBU-24],
pc portable dell vostro 3530 / i3-1305u / 24 go / 512 go ssd / noir,1279000.0,[N1612QVNB3530-UBU-24],
pc portable asus expertbook b2 b2502cba / i3-1215u /  32 go / 512go ssd / bleu,1285000.0,[B2502CBA-KJ1662-32],
pc portable lenovo v15 g4 amn / ryzen 5 7520u / 8 go / 512 go ssd / noir / windows 11,1299000.0,[82YU00CUFE-W11P],
pc portable lenovo ideapad slim 3 15amn8 / ryzen 5 7520u / 8 go / 512 go ssd / gris / windows 11 avec sacoche lenovo offerte,1309000.0,[82XQ00DLFG-2Y],
pc portable asus vivobook 15 x1504va / u3-100u / 16 go / 512 go ssd / windows 11 / bleu,1315000.0,[X1504VA-NJ784W-16],
pc portable asus vivobook go 15 e1504fa / ryzen 5 7520u / 8 go / 512 go ssd / windows 11 / noir,1329000.0,[E1504FA-NJ475W],
pc portable dell vostro 3530 / i3-1305u / 32 go / noir,1329000.0,[N1612PVNB3530-UBU-32],
pc portable hp 15-fd0053nk / i3-n305 / 32 go / 512 go ssd / silver,1339000.0,[A2AP0EA-32],
pc portable dell vostro 3530 / i3-1305u / 32 go / 512 go ssd / noir,1339000.0,[N1612QVNB3530-UBU-32],
pc portable hp 15-fd0052nk / i3-n305 / 32 go / 512 go ssd / bleu,1349000.0,[A2MM1EA-32],
pc portable dell vostro 3520 / i5-1235u / 8 go / noir,1349000.0,[N1610PVNB3520EMEA0],
pc portable asus vivobook 15 x1504va / u3-100u / 24 go / 512 go ssd / windows 11 / bleu,1355000.0,[X1504VA-NJ784W-24],
pc portable dell vostro 3520 / i5-1235u / 8 go / 512 go ssd / noir,1359000.0,[S-V3520I5-UBU],
pc portable hp 15-fd0055nk / i3-n305 / 32 go / 512 go ssd / noir,1359000.0,[A2AP1EA-32],
pc portable dell vostro 3520 / i5-1235u / 12 go / 512 go ssd / noir,1379000.0,[V3520I5-UBU-12],
pc portable lenovo ip1 / amd ryzen5 7520u / 16g 512ssd /  gris /  windows 11 avec sacoche offert,1389000.0,[82VG00NXFG-2Y],
pc portable dell vostro 3520 / i5-1235u / 32 go / 256 go ssd / noir,1399000.0,[3520I5V-UBU-32],
pc portable dell vostro 3520 / i5-1235u / 8 go / 512 go ssd / windows 11 pro / noir,1419000.0,[V3520I5-UBUW11P],
pc portable dell vostro 3520 / i5-1235u / 16 go / 512 go ssd / noir,1419000.0,[V3520I5-UBU-16],
pc portable lenovo thinkbook 16 g6 en irl / i3-1315u / 8 go ddr5 / 512 go ssd / gris,1449000.0,[21KH00SPFE-2Y],
pc portable dell vostro 3520 / i5-1235u / 24 go / 512 go ssd / noir,1459000.0,[V3520I5-UBU-24],
pc portable lenovo ideapad slim 3 15iah8 / i5-12450h / 8 go / 512 go ssd / gris avec sacoche lenovo t210 offerte,1469000.0,[83ER00DUFG-2Y],
pc portable dynabook sattelite pro l50-j-10s / i3 11é gén / 8 go,1495000.0,[L50-J-10S],
pc portable lenovo ideapad 1 15iau7 / i5-1235u / 8 go / gris / avec sac lenovo offert,1499000.0,[82QD00E4FG-2Y],
pc portable msi modern 15 - b13m / i5-1335u / 16 go / 512 go ssd,1499000.0,[B13M-1018XFR],
pc portable dell vostro 3530 / i5-1334u / 8 go / 512 go ssd / noir,1519000.0,[N3409PVNB3530-UBU],
pc portable hp 15-fd0267nk / i5-1334u / 8 go / 256 go ssd / gris,1519000.0,[A2AQ0EA],
pc portable dell vostro 3520 / i5-1235u / 24 go / 512 go ssd / windows 11 pro / noir,1519000.0,[V3520I5-UBU-24W11P],
pc portable lenovo v15 i5-13420h 8g 512gssd +  sacoche  offerte,1529000.0,[83A1009HFE-2Y],
pc portable lenovo ideapad 1 15alc7 / ryzen 7 5700u / 8 go / 512 go ssd / gris avec sacoche lenovo offert,1545000.0,[82R400KVFG-2Y],
pc portable msi modern 15 - b13m / i5-1335u / 16 go / 512 go ssd / windows 11 pro,1559000.0,[B13M-1018XFR-W],
pc portable hp 15-fd0267nk / i5-1334u / 24 go / 256 go ssd / gris,1565000.0,[A2AQ0EA-24],
pc portable lenovo ideapad 1 15alc7 / ryzen 7 5700u / 12 go / 512 go ssd / gris avec sacoche lenovo offert,1569000.0,[82R400KVFG-2Y-12],
pc portable lenovo ideapad slim 3 15iah8 / i5-12450h / 16 go / 512 go ssd / gris avec sacoche lenovo offerte,1569000.0,[83ER00H5FG-2Y],
pc portable hp 15-fd0267nk / i5-1334u / 8 go / 256 go ssd / windows 11 pro / gris,1579000.0,[A2AQ0EA-W11P],
pc portable dell vostro 3530 / i5-1334u / 16 go / 512 go ssd / noir,1579000.0,[N3409PVNB3530-UBU-16],
pc portable lenovo thinkbook 16 g6 en irl / i3-1315u / 16 go ddr5 / 512 go ssd / gris,1589000.0,[21KH00SPFE-2Y-16],
pc portable dell vostro 3530 / i5-1335u / 8 go / 512 go ssd / windows 11,1589000.0,[361505-3530],
pc portable lenovo v15 / i5-13420h / 16 go / 512 go ssd +  sacoche  offerte,1599000.0,[83A1009HFE-2Y-16],
pc portable dell vostro 3530 / i5-1335u / 12 go / 512 go ssd / windows 11,1609000.0,[361505-3530-12],
pc portable lenovo ideapad 1 15alc7 / ryzen 7 5700u / 16 go / 512 go ssd / gris avec sacoche lenovo offert,1609000.0,[82R400KVFG-2Y-16],
pc portable hp 15-fd0093nk / i5-1334u / 8 go / 512 go ssd / gold,1619000.0,[A2AP6EA],
pc portable dell vostro 3530 / i5-1334u / 24 go / 512 go ssd / noir,1619000.0,[N3409PVNB3530-UBU-24],
pc portable hp 15-fd0267nk / i5-1334u / 16 go / 256 go ssd / gris,1619000.0,[A2AQ0EA-16],
pc portable hp 15-fd0095nk / i5-1334u / 8 go / 512 go ssd / silver,1619000.0,[A2AP7EA],
pc portable hp 15-fd0097nk / i5-1334u / 8 go / 512 go ssd / noir,1619000.0,[A2AP8EA],
pc portable lenovo ideapad slim 3 15iah8 / i5-12450h / 16 go / 512 go ssd / gris windows 11 pro avec sacoche lenovo offerte,1629000.0,[83ER00H5FG-2Y-W11P],
pc portable hp 15-fd0267nk / i5-1334u / 20 go / 256 go ssd / gris,1629000.0,[A2AQ0EA-20],
pc portable lenovo thinkbook 16 g6 en irl / i3-1315u / 24 go ddr5 / 512 go ssd / gris,1629000.0,[21KH00SPFE-2Y-24],
pc portable hp 15-fd0095nk / i5-1334u / 12 go / 512 go ssd / silver,1635000.0,[A2AP7EA-12],
pc portable lenovo v15 / i5-13420h/ 24 go / 512 go ssd +  sacoche  offerte,1639000.0,[83A1009HFE-2Y-24],
pc portable  hp15-fd0042nk / i5-1334u / 8g 512ssd / windows 11/ silver,1639000.0,[9D6W0EA],
pc portable  hp15-fd0041nk / i5-1334u / 8g 512ssd / windows 11/ blue,1639000.0,[9D6V9EA],
pc portable hp 15-fd0093nk / i5-1334u / 12 go / 512 go ssd / gold,1639000.0,[A2AP6EA-12],
pc portable  hp15-fd0041nk / i5-1334u / 8g 512ssd / windows 11/ gold,1639000.0,[9D6W1EA],
pc portable lenovo ideapad 1 15alc7 / ryzen 7 5700u / 24 go / 512 go ssd / gris avec sacoche lenovo offert,1649000.0,[82R400KVFG-2Y-24],
pc portable dell vostro 3530 / i5-1335u / 16 go / 512 go ssd / windows 11,1649000.0,[361505-3530-16],
pc portable asus vivobook 15 x1502va / i5-13500h / 8 go / windows 11 / silver,1655000.0,[S-X1502VA-NJ231W],
pc portable  hp15-fd0042nk / i5-1334u / 12g 512ssd / windows 11/ silver,1659000.0,[9D6W0EA-12],
pc portable  hp15-fd0041nk / i5-1334u / 12g 512ssd / windows 11/ gold,1659001.0,[9D6W1EA-12],
pc portable  hp15-fd0041nk / i5-1334u / 12g 512ssd / windows 11/ blue,1659000.0,[9D6V9EA-12],
pc portable hp 15-fd0097nk / i5-1334u / 16 go / 512 go ssd / noir,1674000.0,[A2AP8EA-16],
pc portable asus vivobook 15 x1502va / i5-13500h / 12 go / windows 11 / silver,1675000.0,[S-X1502VA-NJ231W-12],
pc portable hp 15-fd0095nk / i5-1334u / 16 go / 512 go ssd / silver,1675000.0,[A2AP7EA-16],
pc portable dell vostro 3530 / i5-1334u / 32 go / 512 go ssd / noir,1679000.0,[N3409PVNB3530-UBU-32],
pc portable hp 15-fd0093nk / i5-1334u / 16 go / 512 go ssd / gold,1679000.0,[A2AP6EA-16],
pc portable dell vostro 3530 / i5-1335u / 24 go / 512 go ssd / windows 11,1689000.0,[361505-3530-24],
pc portable  hp15-fd0041nk / i5-1334u / 16g 512ssd / windows 11/ gold,1699000.0,[9D6W1EA-16],
pc portable  hp15-fd0042nk / i5-1334u / 16g 512ssd / windows 11/ silver,1699000.0,[9D6W0EA-16],
pc portable  hp15-fd0041nk / i5-1334u / 16g 512ssd / windows 11/ blue,1699000.0,[9D6V9EA-16],
pc portable lenovo thinkbook 16 g6 en irl / i3-1315u / 32 go ddr5 / 512 go ssd / gris,1709000.0,[21KH00SPFE-2Y-32],
pc portable hp 15-fd0267nk / i5-1334u / 32 go / 256 go ssd / gris,1715000.0,[A2AQ0EA-32],
pc portable hp 15-fd0095nk / i5-1334u / 24 go / 512 go ssd / silver,1715000.0,[A2AP7EA-24],
pc portable asus vivobook 15 x1502va / i5-13500h / 16 go / windows 11 / silver,1715000.0,[S-X1502VA-NJ231W-16],
pc portable hp 15-fd0093nk / i5-1334u / 24 go / 512 go ssd / gold,1719000.0,[A2AP6EA-24],
pc portable lenovo ideapad slim 3 15abr8 / ryzen 7 7730u / 8 go / windows 11 / gris,1729000.0,[82XM006NFG],
pc portable hp 15-fd0093nk / i5-1334u / 16 go / 512 go ssd / windoows 11 pro / gold,1729000.0,[A2AP6EA-16-W11PRO],
pc portable  hp15-fd0041nk / i5-1334u / 24g 512ssd / windows 11/ gold,1739000.0,[9D6W1EA-24],
pc portable  hp15-fd0042nk / i5-1334u / 24g 512ssd / windows 11/ silver,1739000.0,[9D6W0EA-24],
pc portable  hp15-fd0041nk / i5-1334u / 24g 512ssd / windows 11/ blue,1739000.0,[9D6V9EA-24],
pc portable asus vivobook 15 x1502va / i5-13500h / 24 go / windows 11 / silver,1755000.0,[S-X1502VA-NJ231W-24],
"pc portable hp 255 g10 / ryzen 5 7530u / 4 go / 512 go ssd / noir avec sacoche hp 15.6"" offerte",1769000.0,[9G2G2ET],
pc portable hp 15-fd0093nk / i5-1334u / 24 go / 512 go ssd / windoows 11 pro /gold,1779000.0,[A2AP6EA-24-W11P],
pc portable lenovo ideapad slim 3 15abr8 / ryzen 7 7730u / 16 go / 512 go ssd / gris avec sacoche lenovo offerte,1799000.0,[82XM00H6FG-2Y],
pc portable asus expertbook b1 b1502cva / i5-1335u / 8 go / 512 go ssd / étoile noire,1799000.0,[B1502CVA-NJ2209],
pc portable dell vostro 3530 / i5-1335u / 8 go / noir,1799000.0,[N1808PVNB3530EMEA0],
pc portable dynabook sattelite pro l50-j-10z / i5 11é gén / 8 go / noir,1813000.0,[L50-J-10Z],
pc portable dynabook sattelite pro l50-j-10d / i5 11é gén / 8 go,1813000.0,[L50-J-10D],
pc portable dell vostro 3530 / i5-1335u / 12 go / noir,1819000.0,[N1808PVNB3530EM-12],
pc portable hp 15-fd0097nk / i5-1334u / 32 go / 512 go ssd / noir,1824000.0,[A2AP8EA-32],
pc portable hp hp 250 g10 / i5-1334u / 8 go / 512 go ssd / noir,1849000.0,[85C82EA],
pc portable hp 15-fd0079nk / i5-1334u / mx570 2g / 8 go / 512 go ssd / silver,1855000.0,[AB1T5EA],
pc portable hp 15-fd0080nk / i5-1334u / mx570 2g / 8 go / 512 go ssd / noir,1855000.0,[AB1T6EA],
pc portable dell vostro 3530 / i5-1335u / 16 go / noir,1859000.0,[N1808PVNB3530EM-16],
pc portable hp 15-fd0045nk / i5-1334u / mx570a 2g / 8 go / windows 11 / gold,1859000.0,[A2AN8EA],
pc portable dell vostro 3520 / i7-1255u / 8 go / 512 go ssd / noir,1859000.0,[V3520I7-UBU],
pc portable hp 15-fd0045nk / i5-1334u / mx570a 2g / 8 go / windows 11 / gold avec sacoche offerte,1869000.0,[A2AN8EA-SAC],
pc portable hp 15-fd0080nk / i5-1334u / mx570 2g / 12 go / 512 go ssd / noir,1879000.0,[AB1T6EA-12],
pc portable hp 15-fd0079nk / i5-1334u / mx570 2g / 12 go / 512 go ssd / silver,1879000.0,[AB1T5EA-12],
pc portable dell vostro 3520 / i7-1255u / 12 go / 512 go ssd / noir,1879000.0,[V3520I7-UBU-12],
pc portable hp 15-fd0045nk / i5-1334u / mx570a 2g / 12 go / windows 11 / gold,1889000.0,[A2AN8EA-12],
pc portable dell vostro 3530 / i5-1335u / 24 go / noir,1899000.0,[N1808PVNB3530EM-24],
pc portable dell vostro 3520 / i7-1255u / 8 go / 512 go ssd / noir / windows 11,1899000.0,[633108-3520],
pc portable hp probook 455 g9 / amd ryzen 5 / 24 go,1899000.0,[9M3Q0AT-24],
pc portable dell vostro 3530 / i5-1335u / 8 go / 512 go ssd / noir,1905000.0,[N1808PVNB3530EMEA0-512],
pc portable dell vostro 3530 / i5-1335u / 16 go / noir / windows 11 pro,1907000.0,[N1808PVNB3530-16-W],
pc portable hp 15-fd0079nk / i5-1334u / mx570 2g / 16 go / 512 go ssd / silver,1919000.0,[AB1T5EA-16],
pc portable hp 15-fd0080nk / i5-1334u / mx570 2g / 16 go / 512 go ssd / noir,1919000.0,[AB1T6EA-16],
pc portable hp 15-fd0045nk / i5-1334u / mx570a 2g / 16 go / windows 11 / gold,1919000.0,[A2AN8EA-16],
pc portable hp 15-fd0046nk / i5-1334u / mx570 2g / 8 go / 512 go ssd / windows 11 / gold,1929000.0,[A0DB5EA],
portable hp 15-fd0022nk / i5-1335u / 16 go / windows 11 / silver,1929000.0,[AR-886K7EA-16],
pc portable hp 15-fd0080nk / i5-1334u / mx570 2g / 24 go / 512 go ssd / noir,1949000.0,[AB1T6EA-24],
pc portable hp 15-fd0079nk / i5-1334u / mx570 2g / 24 go / 512 go ssd / silver,1949000.0,[AB1T5EA-24],
"pc portable dell latitude 3540 / i5 13è gén / 8 go 256ssd 15.6"" fhd",1959000.0,[065302-3540],
pc portable hp 15-fd0045nk / i5-1334u / mx570a 2g / 24 go / windows 11 / gold,1959000.0,[A2AN8EA-24],
pc portable dell vostro 3520 / i7-1255u / 16 go / 512 go ssd / noir / windows 11,1959000.0,[633108-3520-16],
pc portable dell latitude 3540 / i5-1235u / 8 go / 512 go ssd / gris,1979000.0,[N049L354015EMEA],
"pc portable dell latitude 3540 / i5 13è gén / 12 go 256ssd 15.6"" fhd",1979000.0,[065302-3540-12],
pc portable dell latitude 3530 / i5 12è gén / 8 go / 512 go ssd,1989000.0,[3530-I5-512SSD],
pc portable asus vivobook 15 x1502va / i7 13è gén / 8 go / win11 / silver,1989000.0,[X1502VA-NJ233W],
pc portable hp 15-fd0046nk / i5-1334u / mx570 2g / 16 go / 512 go ssd / windows 11 / gold,1989000.0,[A0DB5EA-16],
pc portable dell vostro 3530 / i5-1335u / 32 go / noir,1995000.0,[N1808PVNB3530EM-32],
pc portable dell vostro 3520 / i7-1255u / 24 go / 512 go ssd / noir / windows 11,1999000.0,[633108-3520-24],
pc portable asus vivobook 17 x1704va / i5 13è gén / 12 go / win11 / bleu,1999000.0,[X1704VA-AU154W-12],
pc portable asus expertbook b1 b1500cep / i5 11è gén / 8 go / noir,1999000.0,[B1500CEP-EJ1201-2Y],
"pc portable dell latitude 3540 / i5 13è gén / 16 go 256ssd 15.6"" fhd",2009000.0,[065302-3540-16],
pc portable asus vivobook 15 x1502va / i7 13è gén / 12 go / win11 / silver,2009000.0,[X1502VA-NJ233W-12],
pc portable asus vivobook 17 x1704va / i5 13è gén / 16 go / win11 / bleu,2019000.0,[X1704VA-AU154W-16],
pc portable hp 15-fd0033nk / i5-1335u / 32 go / windows 11 / silver,2019000.0,[898D7EA-32],
pc portable dell inspiron 15 3530 / i5-1335u / mx550 2g / 8 go / 512 go / windows 11 / silver,2025000.0,[055055-3530],
pc portable hp 15-fd0046nk / i5-1334u / mx570 2g / 24 go / 512 go ssd / windows 11 / gold,2029000.0,[A0DB5EA-24],
pc portable dell vostro 3520 / i7-1255u / 16 go / 512 go ssd / windows 11 / noir,2029000.0,[633690-3520],
pc portable dell latitude 3440 / i5 13è gén /  8g 256ssd,2029000.0,[964475-3440],
pc portable dell latitude 3540 / i5-1235u / 16 go / 512 go ssd / gris,2039000.0,[N049L354015EMEA-16],
pc portable asus vivobook 15 x1502va / i7 13è gén / 16 go / win11 / silver,2049000.0,[X1502VA-NJ233W-16],
pc portable dell latitude 3440 / i5 13è gén / 12 go 256ssd,2049000.0,[964475-3440-12],
"pc portable dell latitude 3540 / i5 13è gén / 24 go 256ssd 15.6"" fhd",2059000.0,[065302-3540-24],
pc portable gamer hp victus gaming 15-fa1007nk / i5-13420h / rtx 2050 4g / 8 go / 512 go ssd / windows 11 / noir,2059000.0,[9U175EA],
pc portable dell vostro 3530 / i7-1355u / 8 go / 512 go ssd / noir,2065000.0,[N1601PVNB3530-UBU],
pc portable dell latitude 3540 / i5-1235u / 24 go / 512 go ssd / gris,2079000.0,[N049L354015EMEA-24],
pc portable msi thin gf63 12ucx 682xfr / i5-12450h / rtx 2050 4g / 8 go,2079000.0,[GF63-682XFR],
pc portable dell latitude 3440 / i5 13è gén / 16 go 256ssd,2089000.0,[964475-3440-16],
pc portable asus vivobook 15 x1502va / i7 13è gén / 24 go / win11 / silver,2089000.0,[X1502VA-NJ233W-24],
pc portable lenovo thinkbook 16 g7 iml / ultra 5 125u / 8 go ddr5 / gris avec sacoche offerte,2089000.0,[21MS000DFE-2Y],
pc portable gamer hp victus gaming 15-fa1007nk / i5-13420h / rtx 2050 4g / 16 go / 512 go ssd / windows 11 / noir,2109000.0,[9U175EA-16],
"pc portable dell latitude 3540 / i5 13è gén / 32 go 256ssd 15.6"" fhd",2115000.0,[065302-3540-32],
pc portable dell vostro 3530 / i7-1355u / 16 go / 512 go ssd / noir,2125000.0,[N1601PVNB3530-UBU-16],
pc portable dell latitude 3440 / i5 13è gén / 24 go 256 ssd,2129000.0,[964475-3440-24],
pc portable dell latitude 3540 / i5-1335u / 8 go / 512 go ssd,2139000.0,[N032L354015EMEA],
pc portable asus vivobook 16 x1605va / i7-13700h / 8 go / 512 go ssd,2139000.0,[X1605VA-MB472W],
pc portable gamer asus vivobook 16x s3605zf / i5-12500h / rtx 2050 4g / 8 go / 512 go / windows 11 / noir,2149000.0,[S3605ZF-N1342W],
pc portable lenovo ideapad flex 5 14iau7 / i5 1235u / 8 go / bleu,2149000.0,[82R700F0FG],
pc portable lenovo ideapad slim 3 15irh8 / i7-13620h / 16 go / 512 go ssd / gris,2159000.0,[83EM0096FE],
pc portable asus vivobook 16 x1605va / i7-13700h / 12 go / 512 go ssd,2159000.0,[X1605VA-MB472W-12],
pc portable dell latitude 3540 / i5-1335u / 12 go / 512 go ssd,2159000.0,[N032L354015EMEA-12],
pc portable lenovo thinkbook 16 g6 irl / i7-13700h / 8 go ddr5 / 512 go ssd / gris avec sacoche lenovo offert,2159000.0,[21KH0056FE-2Y],
pc portable gamer hp victus gaming 15-fa1007nk / i5-13420h / rtx 2050 4g / 24 go / 512 go ssd / windows 11 / noir,2159000.0,[9U175EA-24],
pc portable dell vostro 3530 / i7-1355u / 24 go / 512 go ssd / noir,2165000.0,[N1601PVNB3530-UBU-24],
pc portable asus expertbook b1 b1502cva / i7-1355u / 8 go / 512 go ssd / noir avec sacoche,2179000.0,[B1502CVA-NJ1267-2Y],
pc portable asus vivobook 15 x1502va / i9 13è gén / 8 go / win11 / silver,2179000.0,[X1502VA-NJ257W],
pc portable asus vivobook 15 x1502va / i9-13900h / 8 go / 512 go ssd / windows 11 / bleu,2179000.0,[X1502VA-NJ256W],
pc portable hp 15-fd0286nk / i7-1355u / 8 go / 512 go ssd / silver,2185000.0,[A2AQ2EA],
pc portable hp14-ek1001nk / i5 13è gén  / 8 go / win11 / silver,2189000.0,[845L4EA],
pc portable hp pavilion x360 2en1 14-ek1002nk / i5 13è gén  / 8 go / win11 / bleu,2189000.0,[873K2EA],
pc portable asus vivobook 16 x1605va / i7-13700h / 16 go / 512 go ssd,2199000.0,[X1605VA-MB472W-16],
pc portable asus vivobook 15 x1502va / i9 13è gén / 12 go / win11 / silver,2199000.0,[X1502VA-NJ257W-12],
pc portable dell latitude 3440 / i5 13è gén / 32 go 256ssd,2199000.0,[964475-3440-32],
pc portable asus vivobook 15 x1502va / i9-13900h / 12 go / 512 go ssd / windows 11 / bleu,2199000.0,[X1502VA-NJ256W-12],
pc portable lenovo thinkbook 16 g7 iml / ultra 5 125u / 16 go ddr5 / gris avec sacoche offerte,2199000.0,[21MS000DFE-2Y-16],
pc portable lenovo flex5   / i5 1235u / 8 go / 512ssd gris,2199000.0,[82R700K6FG-2Y],
pc portable dell latitude 3540 / i5-1335u / 16 go / 512 go ssd,2199000.0,[N032L354015EMEA-16],
pc portable hp 15-fd0286nk / i7-1355u / 12 go / 512 go ssd / silver,2201000.0,[A2AQ2EA-12],
pc portable gamer hp victus gaming 15-fa1007nk / i5-13420h / rtx 2050 4g / 32 go / 512 go ssd / windows 11 / noir,2205000.0,[9U175EA-32],
pc portable msi thin gf63 12ucx / i5-12450h / rtx 2050 4g / 8 go  + sac à dos g34 offert / windows 11 pro,2209000.0,[GF63-12UC-682XW11P],
pc portable msi thin gf63 12ucx-682xfr / i5-12450h / rtx 2050 4g / 12 go  + sac à dos g34 offert / windows 11 pro,2209000.0,[GF63-12-682X-12W11],
pc portable dell vostro 3530 / i7-1355u / 32 go / 512 go ssd / noir,2225000.0,[N1601PVNB3530-UBU-32],
pc portable gamer msi thin 15 b13u / i5-13420h / rtx 2050 4g / 8 go / 512 go ssd / gris cosmos,2235000.0,[B13UCX-2607XFR-SS],
pc portable asus vivobook 16 x1605va / i7-13700h / 24 go / 512 go ssd,2239000.0,[X1605VA-MB472W-24],
pc portable asus vivobook 16x s3605zf / i5-12500h / rtx 2050 4g / 8 go / 512 go / windows 11 / silver avec sac à dos asus,2239000.0,[S3605ZF-RP618W],
pc portable asus expertbook b1 b1502cva / i7-1355u / 16 go / 512 go ssd / noir avec sacoche,2239000.0,[B1502CVA-NJ1267-2Y-16],
pc portable asus vivobook 15 x1502va / i9-13900h / 16 go / 512 go ssd / windows 11 / bleu,2239000.0,[X1502VA-NJ256W-16],
pc portable msi thin gf63 12ucx-682xfr / i5-12450h / rtx 2050 4g / 16 go  + sac à dos g34 offert / windows 11 pro,2239000.0,[GF63-12-682X-16W11],
pc portable dell latitude 3540 / i5-1335u / 24 go / 512 go ssd,2239000.0,[N032L354015EMEA-24],
pc portable asus vivobook 15 x1502va / i9 13è gén / 16 go / win11 / silver,2239000.0,[X1502VA-NJ257W-16],
pc portable hp 15-fd0286nk / i7-1355u / 16 go / 512 go ssd / silver,2241000.0,[A2AQ2EA-16],
pc portable gamer hp victus gaming 15-fb0037nk / ryzen 5 5600h / rtx 3050 4g / 8 go /  512 go ssd / windows 11,2255000.0,[9U1B8EA],
pc portable asus vivobook 15x oled k3504va / i7-1355u / 16 go / 512 go ssd / windows 11 / silver,2259000.0,[K3504VA-MA531W-2Y],
pc portable asus zenbook 14 um425qa / ryzen 7 5800h / 8 go,2269000.0,[UM425QA-KI165W-2Y],
pc portable lenovo thinkbook 16 g7 iml / ultra 5 125u / 24 go ddr5 / gris avec sacoche offerte,2269000.0,[21MS000DFE-2Y-24],
pc portable hp 15-fd0286nk / i7-1355u / 24 go / 512 go ssd / silver,2271000.0,[A2AQ2EA-24],
pc portable gamer msi thin 15 b13u / i5-13420h / rtx 2050 4g / 8 go / 512 go ssd / gris cosmos sac à dos msi offert,2279000.0,[B13UCX-2607XFR],
pc portable asus vivobook 15 x1502va / i9-13900h / 24 go / 512 go ssd / windows 11 / bleu,2279000.0,[X1502VA-NJ256W-24],
pc portable asus vivobook 15 x1502va / i9 13è gén / 24 go / win11 / silver,2279000.0,[X1502VA-NJ257W-24],
pc portable asus expertbook b1 b1502cva / i7-1355u / 24 go / 512 go ssd / noir avec sacoche,2279000.0,[B1502CVA-NJ1267-2Y-24],
pc portable dell latitude 3520 / i5 11è gén / 8 go,2289000.0,[3520I51Y],
pc portable gamer msi thin 15 b13u / i5-13420h / rtx 2050 4g / 16 go / 512 go ssd / gris cosmos,2289000.0,[B13UCX-2607XFR-16-SS],
pc portable dell latitude 3540 / i5-1335u / 32 go / 512 go ssd,2294000.0,[N032L354015EMEA-32],
pc portable msi thin gf63 12ucx-682xfr / i5-12450h / rtx 2050 4g / 32 go + sac à dos g34 offert,2299000.0,[GF63-12U-682XFR-32],
pc portable lenovo ideapad flex 5 14alc7 / ryen 7 5700u / 8 go / gris,2299000.0,[82R900C7FG],
pc portable lenovo thinkbook 16 g7 iml / ultra 5 125u / 32 go ddr5 / gris avec sacoche offerte,2309000.0,[21MS000DFE-2Y-32],
pc portable gamer msi thin 15 b13u / i5-13420h / rtx 2050 4g / 24 go / 512 go ssd / gris cosmos,2329000.0,[B13UCX-2607XFR-24-SS],
pc portable gamer msi thin 15 b13u / i5-13420h / rtx 2050 4g / 16 go / 512 go ssd / gris cosmos sac à dos msi offert,2335000.0,[B13UCX-2607XFR-16],
pc portable dell vostro 3530 / i7-1355u / 12 go / noir,2369000.0,[V3530I7-12],
pc portable asus expertbook b1 b1402cva / i7-1355u / 16 go / 512 go ssd / noir,2369000.0,[B1402CVA-NK2617],
pc portable gamer msi thin 15 b13u / i5-13420h / rtx 2050 4g / 24 go / 512 go ssd / gris cosmos sac à dos msi offert,2379000.0,[B13UCX-2607XFR-24],
pc portable asus expertbook b1 b1502cva / i7-1355u / 16 go / 512 go ssd / noir,2389000.0,[B1502CVA-NJ2211],
pc portable asus vivobook 16 x1605va / i7-13700h /  40 go / 512 go ssd,2389000.0,[X1605VA-MB472W-40],
pc portable gamer msi thin 15 b13u / i5-13420h / rtx 2050 4g / 32 go / 512 go ssd / gris cosmos,2389000.0,[B13UCX-2607XFR-32-SS],
pc portable lenovo thinkpad e16 gen 1 / i5-13420h / 8 go / 512 go ssd / noir,2399000.0,[21JN00HSFE-2Y],
pc portable msi thin gf63 12ucx 681xfr / i7-12650h / rtx 2050 4g / 8 go + sac à dos msi g34 offert,2399000.0,[GF63-12UCX-681XFR],
pc portable hp probook 450 g10 / i5-1335u / 16 go / 512 go ssd / argent,2399000.0,[968W7ET-3Y],
pc portable asus vivobook 16x s3605zf / i7-12700h / 24 go / 512 go / windows 11 / silver avec sac à dos asus,2399000.0,[S3605ZF-N1501W-24],
pc portable dell vostro 3530 / i7-1355u / 16 go / noir,2408000.0,[V3530I7-16],
pc portable msi thin gf63 12ucx 681xfr / i7-12650h / rtx 2050 4g / 16 go,2409000.0,[GF63-681XFR-16],
pc portable msi thin gf63 12ucx 681xfr / i7-12650h / rtx 2050 4g / 8 go / windows 11 pro,2409000.0,[GF63-681XFR-W11P],
pc portable msi thin gf63 12ucx 681xfr / i7-12650h / rtx 2050 4g / 12 go + sac à dos msi g34 offert,2419000.0,[GF63-12U-681XFR-12],
"pc portable hp probook 450 / i5-1335u / 16 go / 256 go ssd / argent avec sacoche hp 15.6"" offerte",2419000.0,[85D05EA-2Y-16],
pc portable asus expertbook b1 b1502cva / i7-1355u / 40 go / 512 go ssd / noir avec sacoche,2425000.0,[B1502CVA-NJ1267-2Y-40],
pc portable asus expertbook b5 b5602cba / i5-1240p / 8 go ddr5 / 512 go ssd / noir,2425000.0,[B5602CBA-MB0776-3Y],
pc portable msi thin gf63 12ucx 681xfr / i7-12650h / rtx 2050 4g / 20 go,2429000.0,[GF63-681XFR-20],
pc portable msi thin gf63 12ucx 681xfr / i7-12650h / rtx 2050 4g / 12 go / windows 11 pro,2429000.0,[GF63-681XFR-12W11P],
pc portable asus expertbook b1 b1500ce / i5 11è gén / 8 go / 512 go ssd / noir,2429000.0,[B1500CE-BQ2850-W10],
pc portable hp probook 440 g10 / i5-1335u / 8 go / 512 go ssd / argent,2429000.0,[9G2L4ET-2Y],
pc portable asus expertbook b1 b1402cva / i7-1355u / 24 go / 512 go ssd / noir,2429000.0,[B1402CVA-NK2617-24],
pc portable gamer msi thin 15 b13u / i5-13420h / rtx 2050 4g / 32 go / 512 go ssd / gris cosmos sac à dos msi offert,2435000.0,[B13UCX-2607XFR-32],
pc portable lenovo thinkpad  i5-1335u / 8 go / 512ssd  / avec sac lenovo offert,2449000.0,[21JK009YFE-2Y],
pc portable dell vostro 3530 / i7-1355u / 24 go / noir,2449000.0,[V3530I7-24],
pc portable hp probook 450 g10 / i5-1335u / 24 go / 512 go ssd / argent,2459000.0,[968W7ET-3Y-24],
pc portable msi thin gf63 12ucx 681xfr / i7-12650h / rtx 2050 4g / 8 go / windows 11  + sac à dos msi g34 offert,2459000.0,[GF63-12UCX-681XFR-W11P],
pc portable msi thin gf63 12ucx 681xfr / i7-12650h / rtx 2050 4g / 16 go + sac à dos msi g34 offert,2459000.0,[GF63-12U-681XFR-16],
pc portable hp probook 450 g10 / i5-1335u / 16 go / 512 go ssd / windows 11 pro / argent,2459000.0,[968W7ET-3Y-W11P],
pc portable asus expertbook b1 b1402cva / i7-1355u / 32 go / 512 go ssd / noir,2469000.0,[B1402CVA-NK2617-32],
pc portable hp pavilion 15-eg3061nk / i7-1355u / 16 go / 512 go ssd / argent,2469000.0,[A19Q9EA],
pc portable msi thin gf63 12ucx 681xfr / i7-12650h / rtx 2050 4g / 16 go / windows 11pro,2469000.0,[GF63-681XFR-16W11P],
"pc pportable dell latitude 14"" / 5430 i5-1235u / 8g 256ssd / windows 11 pro",2469000.0,[861920-5430],
pc portable gamer msi thin 15 b13u / i7-13620h / rtx 2050 4g / 8 go / 512 go ssd / gris cosmos,2475000.0,[B13UCX-2606XFR-SS],
pc portable msi thin gf63 12ucx 681xfr / i7-12650h / rtx 2050 4g / 20 go + sac à dos msi g34 offert,2479000.0,[GF63-12U-681XFR-20],
pc portable hp 15-dw3040nk / i7-1165g7 / 24 go / silver,2483000.0,[53A15EA-24],
pc portable msi thin gf63 12ucx 681xfr / i7-12650h / rtx 2050 4g / 12 go / windows 11 + sac à dos msi g34 offert,2489000.0,[GF63-12U-681XFR-12-W11P],
pc portable hp probook 440 g10 / i5-1335u / 16 go / 512 go ssd / argent,2489000.0,[9G2L4ET-2Y-16],
pc portable msi thin gf63 12ucx 681xfr / i7-12650h / rtx 2050 4g / 24 go + sac à dos msi g34 offert,2499000.0,[GF63-12U-681XFR-24],
pc portable asus expertbook b1 b1502cba / i7-1255u / 16 go / 512 go ssd / windows 11 pro / noir,2499000.0,[B1502CBA-BQ0559X],
pc portable hp probook 450 g10 / i5-1335u / 32 go / 512 go ssd / argent,2499000.0,[968W7ET-3Y-32],
pc portable asus vivobook 17 x1704va / i7 13è gén / 16 go / win11 / bleu,2499000.0,[X1704VA-AU115W],
pc portable asus expertbook b5 b5602cba / i5-1240p / 16 go ddr5 / 512 go ssd / noir,2505000.0,[B5602CBA-MB0776-3Y-16],
pc portable asus vivobook s15 m3502qa / ryzen 7 5800h / 8 go / win11 / noir,2509000.0,[M3502QA-MA034W],
pc portable dell latitude 3540 / i7-1355u / 8 go / 512 go ssd / gris,2519000.0,[778503-3540],
pc portable gamer msi thin 15 b13u / i7-13620h / rtx 2050 4g / 8 go / 512 go ssd / gris cosmos sac à dos msi offert,2519000.0,[B13UCX-2606XFR],
pc portable hp probook 450 g10 / i5-1335u / 24 go / 512 go ssd / windows 11 pro / argent,2519000.0,[968W7ET-3Y-24W11P],
pc portable hp pavilion 15-eg3061nk / i7-1355u / 24 go / 512 go ssd / argent,2525000.0,[A19Q9EA-24],
pc portable dell vostro 3530 / i7-1355u / 32 go / noir,2529000.0,[V3530I7-32],
pc portable msi thin gf63 12ucx 681xfr / i7-12650h / rtx 2050 4g / 24 go / windows 11,2529000.0,[GF63-681XFR-24W11P],
pc portable hp probook 440 g10 / i5-1335u / 24 go / 512 go ssd / argent,2529000.0,[9G2L4ET-2Y-24],
pc portable msi gaming gf 63 12udx-214xfr / i5-12450h / rtx 3050 6g / 12 go,2529000.0,[GF63-214XFR-12],
pc portable gamer msi thin 15 b13u / i7-13620h / rtx 2050 4g / 16 go / 512 go ssd / gris cosmos,2529000.0,[B13UCX-2606XFR-16-SS],
pc portable lenovo thinkbook 16 g7 iml / ultra 7 155h / 8 go ddr5 / gris avec sac à dos offert,2539000.0,[21MS0013FE-2Y],
pc portable asus expertbook b5 b5602cba / i5-1240p / 24 go ddr5 / 512 go ssd / noir,2549000.0,[B5602CBA-MB0776-3Y-24],
pc portable msi thin gf63 12ucx 681xfr / i7-12650h / rtx 2050 4g / 32 go + sac à dos msi g34 offert,2559000.0,[GF63-12U-681XFR-32],
pc portable hp probook 450 g10 / i5-1335u / 32 go / 512 go ssd / windows 11 pro / argent,2559000.0,[968W7ET-3Y-32W11P],
pc portable gamer msi thin 15 b13u / i7-13620h / rtx 2050 4g / 24 go / 512 go ssd / gris cosmos,2569000.0,[B13UCX-2606XFR-24-SS],
"pc pportable dell latitude 14"" / 5430 i5-1235u / 24g 256ssd / windows 11 pro",2569000.0,[861920-5430--24],
pc portable asus expertbook b5 b5602cva / i5-1340p / 16 go ddr5 / 512 go ssd / noir,2569000.0,[B5602CVA-MB0545],
pc portable msi thin gf63 12ucx 681xfr / i7-12650h / rtx 2050 4g / 24 go + sac à dos msi g34 offert / windows 11 pro,2575000.0,[GF63-12U-681XFR-24-W11P],
pc portable gamer msi thin 15 b13u / i7-13620h / rtx 2050 4g / 16 go / 512 go ssd / gris cosmos sac à dos msi offert,2575000.0,[B13UCX-2606XFR-16],
pc portable hp pavilion 15-eg3061nk / i7-1355u / 32 go / 512 go ssd / argent,2579000.0,[A19Q9EA-32],
pc portable msi thin gf63 12ucx 681xfr / i7-12650h / rtx 2050 4g / 32 go / windows 11 pro,2579000.0,[GF63-681XFR-32W11P],
pc portable hp probook 440 g10 / i5-1335u / 32 go / 512 go ssd / argent,2589000.0,[9G2L4ET-2Y-32],
pc portable lenovo thinkpad e15 gen 4 / i5-1235u / 8 go avec sac lenovo t210,2589000.0,[21E600A3FE-2Y],
pc portable hp probook 450 g10 / i5-1335u / 12 go / 512 go ssd,2599000.0,[85D08EA-2Y-12],
pc portable dell latitude 3420 / i7 11è gén / 8 go,2609000.0,[3420I7],
pc portable gamer msi thin 15 b13u / i7-13620h / rtx 2050 4g / 24 go / 512 go ssd / gris cosmos sac à dos msi offert,2615000.0,[B13UCX-2606XFR-24],
pc portable asus expertbook b5 b5602cva / i5-1340p / 24 go ddr5 / 512 go ssd / noir,2619000.0,[B5602CVA-MB0545-24],
pc portable lenovo thinkbook 16 g7 iml / ultra 7 155h / 16 go ddr5 / gris avec sac à dos offert,2619000.0,[21MS0013FE-2Y-16],
pc portable lenovo yoga mince 6 14iap8 / i5-1240p / 8 go / 512 go ssd / gris / windows 11,2625000.0,[82WU0098FG-2Y],
pc portable msi thin gf63 12ucx 681xfr / i7-12650h / rtx 2050 4g / 32 go / windows 11 pro + sac à dos msi g34 offert,2629000.0,[GF63-12U-681XFR-32-W11P],
pc portable gamer msi thin 15 b13u / i7-13620h / rtx 2050 4g / 32 go / 512 go ssd / gris cosmos,2639000.0,[B13UCX-2606XFR-32-SS],
pc portable gamer lenovo ideapad gaming 3 15arh7 / ryzen 5 7535hs / rtx 4050 6g / 8 go ddr5 / 512 go ssd / windows 11 / gris,2639000.0,[82SB00SJFG-2Y],
pc portable lenovo thinkpad e16 / i5-1335u 13e gén / 8 go,2659000.0,[21JN0026FE-2Y],
pc portable asus expertbook b5 b5602cba / i5-1240p / 32 go ddr5 / 512 go ssd / noir,2665000.0,[B5602CBA-MB0776-3Y-32],
pc portable asus vivobook s 14 flip tp3402va / i5-13500h / 8 go / windows 11 / silver,2669000.0,[TP3402VA-LZ265W],
pc portable lenovo thinkpad e14 gen 5 / i5-1335u / 8 go / 512 go ssd / noir avec sacoche lenovo t210 offerte,2679000.0,[21JK008NFE-2Y],
pc portable lenovo thinkpad e14 gen 5 / i7-1355u / 16 go / 512 go ssd / noir avec sacoche lenovo t210 offerte,2679000.0,[21JK009VFE-2Y],
pc portable gamer msi thin 15 b13u / i7-13620h / rtx 2050 4g / 32 go / 512 go ssd / gris cosmos sac à dos msi offert,2685000.0,[B13UCX-2606XFR-32],
pc portable dell gaming g15 5535 / ryzen 5 7640hs / 8 go / 1 to ssd / rtx 3050 6g / windows 11,2689000.0,[G15-5535-R51TSSD],
pc portable dell latitude 5530 / i5-1235u / 8 go / 512 go ssd,2699000.0,[961605-5530],
pc portable lenovo thinkpad e14 gen 5 / i5-1335u / 8 go + sacoche lenovo t210 offerte,2699000.0,[21JK001TFE-2Y],
pc portable gamer dell g15 5530 / i5-13450hx / rtx 3050 6g / 16 go / 512 go ssd / noir,2699000.0,[G15-5530I5-3Y],
pc portable msi cyborg 15a12ve / i5-12450h / rtx 4050 6g / 8 go,2699000.0,[A12VE-463XFR],
pc portable dell latitude 3540 / i5-1335u de 13e gén / mx550 2g / 8 go / 512 go ssd,2709000.0,[3540I5-MX550],
pc portable lenovo thinkbook 16 g7 iml / ultra 7 155h / 24 go ddr5 / gris avec sac à dos offert,2719000.0,[21MS0013FE-2Y-24],
"pc portable hp envyx360 15-fe0002nk / i5-1335u / 8g / 512g / irisxe / 15.6"" / silver",2729000.0,[845G9EA],
pc portable gamer dell g15 5530 / i5-13450hx / rtx 3050 6g / 24 go / 512 go ssd / noir,2759000.0,[G15-5530I5-3Y-24],
pc portable msi cyborg 15a12ve / i5-12450h / rtx 4050 6g / 16 go,2759000.0,[A12VE-463XFR-16],
pc portable gamer msi thin 15 b13u / i5-13420h / rtx 3050 4g / 8 go / 512 go ssd / gris cosmos,2789000.0,[B13UCX-2605XFR],
pc portable hp x360 14-ek1006nk tactile / i7-1355u / 16 go,2799000.0,[886J0EA],
pc portable gamer dell g15 5530 / i5-13450hx / rtx 3050 6g / 32 go / 512 go ssd / noir,2799000.0,[G15-5530I5-3Y-32],
pc portable hp probook 450 g10 / i7-1355u / 8 go / 512 go ssd / argent,2799000.0,[9G2N5ET-2Y],
pc portable lenovo thinkbook 16 g7 iml / ultra 7 155h / 32 go ddr5 / gris avec sac à dos offert,2799000.0,[21MS0013FE-2Y-32],
pc portable dell latitude 5430 / i5 12è gén / 8 go / 512 go ssd,2799000.0,[5430-I5-512SSD],
pc portable dell latitude 5540 / i5 13è gén / 8 go,2839000.0,[5540-I5256],
pc portable gamer msi thin 15 b13u / i5-13420h / rtx 3050 4g / 16 go / 512 go ssd / gris cosmos,2845000.0,[B13UCX-2605XFR-16],
pc portable msi gaming gf 63 12udx-213xfr / i7 12è gén / rtx 3050 6g / 32 go,2859000.0,[GF63-12UDX-213XFR-32],
pc portable msi cyborg 15a12ve / i5-12450h / rtx 4050 6g / 24 go,2865000.0,[A12VE-463XFR-24],
pc portable hp probook 450 g10 / i7-1355u / 16 go / 512 go ssd / argent,2869000.0,[9G2N5ET-2Y-16],
pc portable msi gaming gf 63 12udx-213xfr / i7 12è gén / rtx 3050 6g / 32 go / windows 11 pro,2885000.0,[GF63-12U-213X-32-W],
pc portable gamer msi thin 15 b13u / i5-13420h / rtx 3050 4g / 24 go / 512 go ssd / gris cosmos,2889000.0,[B13UCX-2605XFR-24],
pc portable msi cyborg 15 a12ve 462xfr / i7-12650h / rtx 4050 6g / 8 go,2899000.0,[A12VE-462XFR],
pc portable dell latitude 3430 / i7 12è gén / 8 go,2899000.0,[LAT-3430-I7],
pc portable hp probook 450 g10 / i7-1355u / 24 go / 512 go ssd / argent,2909000.0,[9G2N5ET-2Y-24],
pc portable dell latitude 5520 / i5 11è gén / 8 go / 256 go ssd,2939000.0,[5520I5-SSD-3Y-W10P],
pc portable gamer msi thin 15 b13u / i5-13420h / rtx 3050 4g / 32 go / 512 go ssd / gris cosmos,2939000.0,[B13UCX-2605XFR-32],
pc portable dell gaming g15 5535 / ryzen 5 7640hs / 32 go / 1 to ssd / rtx 3050 6g / windows 11,2945000.0,[G15-5535-R5321TSSD],
pc portable msi cyborg 15a12ve / i5-12450h / rtx 4050 6g / 32 go,2949000.0,[A12VE-463XFR-32],
pc portable dell latitude 5440 / i5 13è gén / 8 go,2959000.0,[5440-I5256-3Y],
pc portable hp probook 450 g10 / i7-1355u / 32 go / 512 go ssd / argent,2969000.0,[9G2N5ET-2Y-32],
pc portable dell latitude 5550 / ultra 5 125u / 8 go ddr5 / 512 go ssd / silver,2975000.0,[LAT-5550-U5],
pc portable dell latitude 5440 / i5 13è gén / 8 go,2979000.0,[5440I51Y],
pc portable dell latitude 5420 / i5 11è gén / 8 go / 512 go ssd,2999000.0,[5420I5-3Y],
pc portable gamer msi thin 15 b12uc / i7-12650h / 16 go / 512 go ssd,2999000.0,[B12UC-1232XFR],
pc portable dell latitude 3420 / i7 11è gén / 8 go,2999000.0,[3420I7-256SSD],
pc portable msi gaming katana 15 / i5-12450h / rtx 3050 6g / 8 go,2999000.0,[B12UDXK-644XFR],
pc portable lenovo thinkpad e14 gen 4 / i7-1255u / 8 go + sacoche lenovo t210 offerte,2999000.0,[21E300AWFE-2Y],
pc portable thinkpad e16 i7-13700h / 16g 512ssd + avec sacoche offert,2999000.0,[21JN00CVFE-2Y],
pc portable lenovo ideapad flex 5 14iau7 / i7 12è gén / 8 go / bleu,3015000.0,[82R7006VFG],
pc portable gamer msi cyborg 15 a13v / i5-13420h / rtx 4050 6g / 8 go ddr5 / 512 go ssd / noir,3019000.0,[A13VE-1494XFR],
pc portable lenovo thinkpad e14 gen 4 / i7-1255u / 12 go + sacoche lenovo t210 offerte,3019000.0,[21E300AWFE-12],
pc portable lenovo thinkpad e15 gen 4 / i7-1255u / 8 go avec sac lenovo t210,3019000.0,[21E600ADFE-2Y],
pc portable msi cyborg 15 a13ve / i5-13420h / rtx 4050 6g / 16 go / 512 go ssd / windows 11,3019000.0,[A13VE-681FR],
pc portable lenovo thinkpad e14 gen 4 / i7-1255u / 8 go + sacoche lenovo t210 + souris lenovo m120 offerts,3019000.0,[BU-21E300AWFE-2Y],
pc portable gamer msi katana 15 b13vek / i5-13420h / rtx 4050 6g / 16 go ddr5 / 512 go ssd / noir,3029000.0,[B13VEK-1698XFR],
pc portable gaming lenovo loq 15irx9 / i5-13450hx / rtx 3050 6g / 24 go ddr5 / 512 go ssd / windows 11 / gris + souris rgb lenovo loq m100,3039000.0,[83DV00GGFE-2Y-24],
"pc portable apple macbook air m1 13.3"" / 8 go / 256 go ssd / gris sidéral",3049000.0,[MGN63FN/A],
pc portable lenovo thinkpad e14 gen 4 / i7-1255u / 16 go + sacoche lenovo t210 offerte,3059000.0,[21E300AWFE-16],
pc portable asus vivobook s 14 flip tp3402va / i7-13700h / 8 go / windows 11 / silver,3059000.0,[TP3402VA-LZ264W-2Y],
pc portable gaming lenovo loq 15irx9 / i5-13450hx / rtx 3050 6g / 32 go ddr5 / 512 go ssd / windows 11 / gris + souris rgb lenovo loq m100,3079000.0,[83DV00GGFE-2Y-32],
pc portable asus tuf707zc / intel core i5-12500h / rtx 3050 4g / 8 go /  512ssd / windows 11,3079000.0,[TUF707ZC4-HX112W],
pc portable msi cyborg 15 a13ve / i5-13420h / rtx 4050 6g / 24 go / 512 go ssd / windows 11,3089000.0,[A13VE-681FR-24],
pc portable asus vivobook s 14 flip tp3402va / i7-13700h / 12 go / windows 11 / silver,3095000.0,[TP3402VA-LZ264W-12],
pc portable dell latitude 7420 / i5 11è gén / 16 go / 512 go ssd,3099000.0,[7420I5SSD-3Y],
pc portable msi gaming katana 15 b12vek-641xfr / i5-12450h / rtx 4050 6g / 8 go,3099000.0,[B12VEK-641XFR],
pc portable dell latitude 7320 / i5-1145g7 / 16 go,3099000.0,[7320I5-3Y],
pc portable lenovo thinkpad e14 gen 4 / i7-1255u / 24 go + sacoche lenovo t210 offerte,3099000.0,[21E300AWFE-24],
pc portable dell latitude 3520 / i7 11è gén / 8 go,3119000.0,[3520I7-512SSD],
pc portable dell latitude 5520 tactile / i5 11è gén / 16 go / 512 go ssd,3125000.0,[743347-5520],
pc portable asus vivobook s 14 flip tp3402va / i7-13700h / 16 go / windows 11 / silver,3129000.0,[TP3402VA-LZ264W-16],
pc portable asus tuf707zc / intel core i5-12500h / rtx 3050 4g / 16 go /  512ssd / windows 11,3139000.0,[TUF707ZC4-HX112W-16],
pc portable lenovo thinkpad e14 gen 5 / i7-1355u / 8 go + sacoche lenovo t210 offerte,3139000.0,[21JK001PFE-2Y],
pc portable gamer msi cyborg 15 a13v / i5-13420h / rtx 4060 8g / 8 go ddr5 / 512 go ssd / noir,3149000.0,[A13VF-1492XFR],
pc portable dell latitude 5430 / i5 12è gén / 8 go / 512 go ssd,3154000.0,[5430I5-8G-3Y],
pc portable gigabyte g5 kf5 / i5 13ème gén / 16 go / rtx 4060 8g,3159000.0,[GB-G5KF5-I5-2Y],
pc portable gamer msi cyborg 15 a13v / i5-13420h / rtx 4050 6g / 16 go ddr5 / 512 go ssd / noir,3159000.0,[A13VE-1494XFR-16],
pc portable msi cyborg 15 a13ve / i5-13420h / rtx 4050 6g / 32 go / 512 go ssd / windows 11,3169000.0,[A13VE-681FR-32],
pc portable asus vivobook s 14 flip tp3402va / i7-13700h / 24 go / windows 11 / silver,3175000.0,[TP3402VA-LZ264W-24],
pc portable asus tuf707zc / intel core i5-12500h / rtx 3050 4g / 24 go /  512ssd / windows 11,3179000.0,[TUF707ZC4-HX112W-24],
pc portable lenovo thinkpad e16 gen 1 / i7-1355u / mx550 2g / 16 go / 512 go ssd / noir + sacoche t210 offerte,3199000.0,[21JN007VFE-2Y],
pc portable gigabyte g5mf5 / i7 13ème gén / 16 go / rtx 4050 6g,3199000.0,[GB-G5MF5-I7-2Y],
pc portable gamer msi cyborg 15 a13v / i5-13420h / rtx 4050 6g / 24 go ddr5 / 512 go ssd / noir,3199000.0,[A13VE-1494XFR-24],
pc portable dell latitude 3540 / i7-1355u de 13e gén / mx550 2g / 8 go / 512 go ssd,3229000.0,[3540I7-MX550],
pc portable asus vivobook s 14 flip tp3402va / i9-13900h / 8 go / windows 11 / silver,3239000.0,[TP3402VA-LZ263W-2Y],
pc portable gigabyte g5 kf5 / i5 13ème gén / 24 go / rtx 4060 8g,3239000.0,[GB-G5KF5-I5-2Y-24],
pc portable asus tuf707zc / intel core i5-12500h / rtx 3050 4g / 32 go /  512ssd / windows 11,3239000.0,[TUF707ZC4-HX112W-32],
pc portable lenovo thinkpad e16 gen 1 / i7-1355u / mx550 2g / 24 go / 512 go ssd / noir + sacoche t210 offerte,3255000.0,[21JN007VFE-24-2Y],
pc portable lenovo thinkpad e16 gen 1 / i7-1355u / mx550 2g / 16 go / 512 go ssd / windows 11 pro / noir + sacoche t210 offerte,3259000.0,[21JN007VFE-2Y-W11P],
pc portable gigabyte g5mf5 / i7 13ème gén / 24 go / rtx 4050 6g,3269000.0,[GB-G5MF5-I7-24],
pc portable gamer msi cyborg 15 a13v / i5-13420h / rtx 4050 6g / 32 go ddr5 / 512 go ssd / noir,3279000.0,[A13VE-1494XFR-32],
pc portable gamer msi cyborg 15 a13v / i7-13620h / rtx 4050 6g / 8 go ddr5 / 512 go ssd / noir,3289000.0,[A13VE-1493XFR],
pc portable asus vivobook s 14 flip tp3402va / i9-13900h / 16 go / windows 11 / silver,3289000.0,[TP3402VA-LZ263W-16],
pc portable gamer msi cyborg 15 a13v / i5-13420h / rtx 4060 8g / 16 go ddr5 / 512 go ssd / noir,3289000.0,[A13VF-1492XFR-16],
pc portable lenovo thinkpad e14 gen 4 / i7-1255u / 40 go + sacoche lenovo t210 offerte,3299000.0,[21E300AWFE-40],
pc portable gigabyte g6kf / i7-13620h / rtx 4050 6g / 16 go ddr5 / 1 to ssd / noir,3299000.0,[GB-G6MF-I7-2Y],
pc portable asus zenbook 14x oled / i5 12è gén / 8 go / 512 go ssd / gris,3299000.0,[UX5401ZA-KN100W-2Y],
pc portable msi gaming katana 15 b12vfk-639xfr / i5-12450h / rtx 4060 / 8 go,3299000.0,[B12VFK-639XFR],
pc portable msi gaming katana 17 b12vek-419xfr / i5-12450h / rtx 4050 6g / 8 go,3299000.0,[B12VEK-419XFR],
pc portable dell latitude 7420 / i5 11è gén / 8 go,3299000.0,[7420I5],
pc portable gigabyte g5 kf5 / i5 13ème gén / 32 go / rtx 4060 8g,3319000.0,[GB-G5KF5-I5-2Y-32],
pc portable lenovo yoga 7 14irl8 / i5-1340p / 8g / windows 11 / gris,3319000.0,[82YL0057FG-2Y],
pc portable gamer msi cyborg 15 a13v / i5-13420h / rtx 4060 8g / 24 go ddr5 / 512 go ssd / noir,3329000.0,[A13VF-1492XFR-24],
pc portable gamer msi katana 15 b13vfk / i5-13420h / rtx 4060 8g / 16 go ddr5 / 512 go ssd / windows 11 / noir,3339000.0,[B13VFK-1692FR],
pc portable gigabyte g5mf5 / i7 13ème gén / 32 go / rtx 4050 6g,3349000.0,[GB-G5MF5-I7-32],
pc portable gigabyte g5mf5 / i7 13ème gén / 32 go / rtx 4050 6g,3349000.0,[GB-G5MF5-I7-2Y-32],
pc portable gamer msi cyborg 15 a13v / i7-13620h / rtx 4060 8g / 8 go ddr5 / 512 go ssd / noir,3349000.0,[A13VF-1491XFR],
pc portable gamer asus tuf gaming a15 tuf507nv / ryzen 7 7735hs / rtx 4060 8g / 8 go ddr5 / 512 go ssd / windows 11,3349000.0,[TUF507NV-LP100W],
pc portable lenovo thinkpad l15 gen 3 / i5-1235u / 8 go / 256 go ssd / windows 11 pro / noir,3359000.0,[21C3002RFE-3Y],
pc portable gamer msi cyborg 15 a13v / i5-13420h / rtx 4060 8g / 32 go ddr5 / 512 go ssd / noir,3375000.0,[A13VF-1492XFR-32],
pc portable dell latitude 7420 / i5 11è gén / 8 go / windows 11 pro,3379000.0,[7420I5-W11P],
pc portable gigabyte g6kf / i7-13620h / rtx 4050 6g / 24 go ddr5 / 1 to ssd / noir,3379000.0,[GB-G6MF-I7-2Y-24],
pc portable gamer msi cyborg 15 a13v / i7-13620h / rtx 4050 6g / 16 go ddr5 / 512 go ssd / noir,3379000.0,[A13VE-1493XFR-16],
pc portable lenovo thinkpad e16 gen 1 / i7-1355u / mx550 2g / 40 go / 512 go ssd / noir + sacoche t210 offerte,3399000.0,[21JN007VFE-40-2Y],
pc portable gamer msi cyborg 15 a13v / i7-13620h / rtx 4060 8g / 16 go ddr5 / 512 go ssd / noir,3429000.0,[A13VF-1491XFR-16],
pc portable lenovo thinkpad l14 gen 5 / ryzen 5 pro 7535u / 8 go ddr5 / 512 go ssd / windows 11 pro / noir,3439000.0,[21L50005FE],
pc portable gamer msi cyborg 15 a13v / i7-13620h / rtx 4050 6g / 24 go ddr5 / 512 go ssd / noir,3449000.0,[A13VE-1493XFR-24],
pc portable gigabyte g6kf / i7-13620h / rtx 4050 6g / 32 go ddr5 / 1 to ssd / noir,3459000.0,[GB-G6MF-I7-2Y-32],
pc portable gaming lenovo loq 15irx9 / i7-13650hx / rtx 4050 6g / 16 go ddr5 / 512 go ssd / gris + souris rgb lenovo loq m100,3469000.0,[83DV00JUFG-2Y],
pc portable dell latitude 5420 tactile / i7 11è gén / 16 go / 512 go ssd,3499000.0,[799717-5420],
pc portable gamer msi cyborg 15 a13v / i7-13620h / rtx 4060 8g / 24 go ddr5 / 512 go ssd / noir,3499000.0,[A13VF-1491XFR-24],
pc portable gamer msi cyborg 15 a13v / i7-13620h / rtx 4050 6g / 32 go ddr5 / 512 go ssd / noir,3519000.0,[A13VE-1493XFR-32],
pc portable gaming lenovo loq 15irx9 / i7-13650hx / rtx 4050 6g / 24 go ddr5 / 512 go ssd / gris + souris rgb lenovo loq m100,3539000.0,[83DV00JUFG-2Y-24],
pc portable gigabyte g5 kf5 / i7 13ème gén / 16 go / rtx 4060 8g,3545000.0,[GB-G5KF5-I7-2Y],
pc portable gaming lenovo loq 15irx9 / i7-13650hx / rtx 4050 6g / 32 go ddr5 / 512 go ssd / gris + souris rgb lenovo loq m100,3579000.0,[83DV00JUFG-2Y-32],
pc portable gamer msi cyborg 15 a13v / i7-13620h / rtx 4060 8g / 32 go ddr5 / 512 go ssd / noir,3579000.0,[A13VF-1491XFR-32],
pc portable dell latitude 5540 / i7 13è gén / 24 go / windows 11,3579000.0,[5540-I7-512-24-W11],
pc portable gigabyte g5 kf5 / i7 13ème gén / 32 go / rtx 4060 8g,3589000.0,[G5KF5-I7512-2Y-32],
pc portable gamer msi katana 15 b13vek / i7-13620h / rtx 4050 6g / 16 go ddr5 / 512 go ssd / noir,3599000.0,[B13VEK-1696XFR],
pc portable gigabyte g5 kf5 / i7 13ème gén / 24 go / rtx 4060 8g,3635000.0,[GB-G5KF5-I7-24],
pc portable dell latitude 5540 / i7 13è gén / 16 go,3679000.0,[5540-I7-512],
pc portable hp envy x360 15-fe0001nk / i7-1355u / 16 go / windows 11 / silver,3689000.0,[845J9EA],
pc portable gigabyte g6kf / i7-13620h / rtx 4060 8g / 16 go ddr5 / 1 to ssd / noir,3699000.0,[GB-G6KF-I7],
pc portable dell latitude 5530 / i7 12è gén / 16 go / 512 go ssd,3699000.0,[5530I7-3Y],
pc portable elitebook 840 g10 / i7-1355u / 16 go / 512 go ssd,3719000.0,[8A414EA],
pc portable gigabyte g5 kf5 / i7 13ème gén / 32 go / rtx 4060 8g,3735000.0,[GB-G5KF5-I7-32],
pc portable gigabyte g6kf / i7-13620h / rtx 4060 8g / 24 go ddr5 / 1 to ssd / noir,3739000.0,[GB-G6KF-I7-24],
pc portable msi cyborg 15 a13ve / i5-13420h / rtx 4060 8g / 16 go / 512 go ssd /  windows 11,3739000.0,[A13VF-680FR],
pc portable dell latitude 7320 / i7 11è gén / 16 go,3759000.0,[7320I7-3Y],
pc portable elitebook 650 g10 / i5-1355u / 16 go / 512 go ssd / windows 11 pro,3769000.0,[9G2P8ET-3Y],
pc portable dell latitude 5440 / i7 13è gén / 16 go,3779000.0,[5440-I7512],
pc portable dell latitude 5440 / i7 13è gén / 24 go,3794000.0,[5440-I7512-24],
pc portable msi cyborg 15 a13ve / i5-13420h / rtx 4060 8g / 24 go / 512 go ssd /  windows 11,3819000.0,[A13VF-680FR-24],
pc portable gigabyte g6kf / i7-13620h / rtx 4060 8g / 32 go ddr5 / 1 to ssd / noir,3819000.0,[GB-G6KF-I7-32],
pc portable lenovo thinkpad l16 gen 1 / ultra 5 125u / 8 go ddr5 / 512 go ssd / windows 11 pro / noir,3829000.0,[21L3000YFE-3Y],
pc portable dell latitude 5440 / i7 13è gén / 32 go,3849000.0,[5440-I7512-32],
pc portable dell latitude 5550 / ultra 7 155u / 16 go ddr5 / 512 go ssd / silver,3889000.0,[N065L555015EMEA],
pc portable dell latitude 5440 / i7-1355u 13e gén / 16 go,3899000.0,[5440-I7512-3Y],
pc portable dell gaming g15 5530 / i7-13650hx / rtx 4050 6g / 16 go / 512 go ssd,3959000.0,[G15-5530-I74050-3Y],
pc portable lenovo thinkpad l16 gen 1 / ultra 5 125u / 16 go ddr5 / 512 go ssd / windows 11 pro / noir,3969000.0,[21L3000YFE-3Y-16],
pc portable msi cyborg 15 a13ve / i5-13420h / rtx 4060 8g / 32 go / 512 go ssd /  windows 11,3979000.0,[A13VF-680FR-32],
pc portable gamer gigabyte aero 14 bmf / i7-13620h / rtx 4050 6g / 16 go ddr5 / 512 go ssd / argent,3999000.0,[GB-AERO14-BMF],
pc portable asus expertbook b9 oled b9403 / ultra 7 150u / 16 go / 1 to ssd / noir,3999000.0,[B9403CVAR-KM1095],
pc portable gaming lenovo loq 15irx9 / i7-13650hx / rtx 4060 8g / 16 go ddr5 / 512 go ssd / gris + souris rgb lenovo loq m100,3999000.0,[83DV00UHFG],
pc portable dell latitude 5550 / ultra 7 155u / 16 go ddr5 / 512 go ssd / silver,3999000.0,[LAT-5550-U7-3Y],
pc portable gamer asus tuf gaming f15 tuf507vv / i7-13620h / rtx 4060 8g / 8 go ddr5 / 512 go ssd / windows 11,3999000.0,[TUF507VV-LP197W],
pc portable lenovo thinkpad l16 gen 1 / ultra 5 125u / 24 go ddr5 / 512 go ssd / windows 11 pro / noir,4009000.0,[21L3000YFE-3Y-24],
pc portable gamer msi cyborg 15 ai a1vfk / ultra 7 155h / rtx 4060 8g / 16 go ddr5 / 512 go ssd / windows 11 / noir,4049000.0,[A1VFK-003FR],
pc portable lenovo thinkpad l16 gen 1 / ultra 5 125u / 32 go ddr5 / 512 go ssd / windows 11 pro / noir,4089000.0,[21L3000YFE-3Y-32],
pc portable lenovo yoga 7 2in1 ultra 7 155h / 16g / windows 11 / gris,4159000.0,[83DJ007AFG-2Y],
pc portable gamer dell g15 5530 / i7-13650hx / rtx 4060 8g / 16 go / 1 to ssd / noir,4159000.0,[G15-5530I7-4060-3Y],
pc portable gamer asus tuf gaming f15 tuf507vv / i7-13620h / rtx 4060 8g / 32 go ddr5 / 512 go ssd / windows 11,4169000.0,[TUF507VV-LP197W-32],
pc portable lenovo thinkpad l16 gen 1 / ultra 7 155u / 8 go ddr5 / 512 go ssd / windows 11 pro / noir,4219000.0,[21L3001LFE-3Y],
apple macbook air retina m2 / 8go / 256 go / noir,4229000.0,[MLY33FN/A],
apple macbook air retina m2 / 8go / 256 go / silver,4229000.0,[MLXY3FN/A],
apple macbook air retina m2 / 8go / 256 go / gris,4229000.0,[MLXW3FN/A],
pc portable lenovo thinkbook 14s yoga / i7-1355u 13e gén / 16go / windows 11 pro,4289000.0,[21JG000BFE],
pc portable dell latitude 7430 / i7 12è gén / 16 go,4289000.0,[7430-I7512-3Y],
pc portable gamer dell g15 5530 / i7-13650hx / rtx 4060 8g / 24 go / 1 to ssd / noir,4299000.0,[G15-5530I7-4060-3Y-24],
pc portable gamer dell g15 5530 / i7-13650hx / rtx 4060 8g / 32 go / 1 to ssd / noir,4339000.0,[G15-5530I7-4060-3Y-32],
pc portable lenovo thinkpad t14 gen 4 / i5-1335u / 16 go / 1 to ssd / windows 11 pro / noir,4349000.0,[21HESCDE00],
pc portable lenovo thinkbook 14s yoga iap tactile / i7-1255u / 16 go,4399000.0,[21DM000GFE],
pc portable asus expertbook  b9403cv / i7-1355u / 16g / 1to ssd,4449000.0,[B9403CVA-KM0274-2Y],
"apple macbook air m3 13"" (2024) / 8 go / 256 go / silver",4469000.0,[MRXQ3FN/A],
pc portable hp envy x360 convertible 15-fe0000nk / i7-1355u / 16 go / rtx 3050 4g / windows 11 / silver,4469000.0,[845N4EA],
"apple macbook air m3 13"" (2024) / 8 go / 256 go / gris sidéral",4469000.0,[MRXN3FN/A],
pc portable elitebook 650 g10 / i7-1355u / 16 go / 512 go ssd / windows 11 pro,4489000.0,[859N5EA],
pc portable gamer msi katana 17 b13vfk / i7-13620h / rtx 4060 8g / 16 go ddr5 / 1 to ssd / windows 11 / noir,4499000.0,[B13VFK-1043FR-2Y],
pc portable lenovo thinkbook 15p g2 ith / i7 11è gén / 16 go,4499000.0,[21B1000PFE],
pc portable lenovo legion pro 5 16arx8 / ryzen 7 7745hx / rtx 4050 6g / 16 go / 1 to ssd / gris onyx / windows 11,4499000.0,[82WM00CCFG-2Y],
pc portable dell latitude 7420 / i7 11è gén / 16 go / 512 go ssd / 3 ans garantie,4532000.0,[7420I7-3Y],
pc portable asus tuf gaming a16 fa617xs / ryzen 9 7940hs / rx 7600s 8g / 16 go / 512 go ssd / windows 11,4539000.0,[FA617XS-N4085W-2Y],
pc portable hp elitebook 840 g10 / i5-1335u / 8 go / 512 go ssd / windows 11 pro,4589000.0,[81A48EA],
pc portable asus tuf gaming a16 fa617xs / ryzen 9 7940hs / rx 7600s 8g / 32 go / 512 go ssd / windows 11,4639000.0,[FA617XS-N4085W-32],
pc portable hp elitebook 830 g10 / i5-1335u / 8 go / 512 go ssd / windows 11 pro,4645000.0,[81A41EA],
pc portable lenovo thinkbook 14 2-en-1 g4 iml / ultra 7 155u / 16 go ddr5 / 512 go ssd / windows 11 pro / gris,4699000.0,[21MX0011FE],
pc portable hp elitebook 860 g10 / i7-1355u / 8 go / 256 go ssd / windows 11 pro,4709000.0,[8A3L2EA],
pc portable lenovo legion pro 5 16arx8 / ryzen 7 7745hx / rtx 4050 6g / 24 go / 1 to ssd / gris onyx / windows 11,4775000.0,[82WM00CCFG-2Y-24],
pc portable gamer asus tuf gaming a15 tuf507ui / ryzen 9 8940hs / rtx 4070 8g / 8 go ddr5 / 512 go ssd / windows 11,4789000.0,[TUF507UI-LP063W],
pc portable gamer msi katana 17 b13vgk / i7-13620h / rtx 4070 8g / 16 go ddr5 / 1 to ssd / noir,4799000.0,[B13VGK-1226XFR],
pc portable lenovo thinkbook 14 2-en-1 g4 iml / ultra 7 155u / 24 go ddr5 / 512 go ssd / windows 11 pro / gris,4839000.0,[21MX0011FE-24],
pc portable lenovo legion pro 5 16arx8 / ryzen 7 7745hx / rtx 4050 6g / 32 go / 1 to ssd / gris onyx / windows 11,4849000.0,[82WM00CCFG-2Y-32],
pc portable gamer asus tuf gaming a15 tuf507ui / ryzen 9 8940hs / rtx 4070 8g / 16 go ddr5 / 512 go ssd / windows 11,4859000.0,[TUF507UI-LP063W-16],
pc portable gamer msi katana 17 b13vgk / i7-13620h / rtx 4070 8g / 24 go ddr5 / 1 to ssd / noir,4879000.0,[B13VGK-1226XFR-24],
pc portable lenovo thinkbook 14 2-en-1 g4 iml / ultra 7 155u / 32 go ddr5 / 512 go ssd / windows 11 pro / gris,4879000.0,[21MX0011FE-32],
pc portable lenovo thinkpad t14 gen 5 / ultra 5 135u / 16 go ddr5 / 1 to ssd / windows 11 / noir,4899000.0,[21MMS7TX00-3Y],
pc portable gamer asus tuf gaming a15 tuf507ui / ryzen 9 8940hs / rtx 4070 8g / 24 go ddr5 / 512 go ssd / windows 11,4909000.0,[TUF507UI-LP063W-24],
pc portable lenovo thinkpad t14 gen 4 / i7-1355u  / 16gb 512ssd / windows 11,4939000.0,[21HD008DFE-3Y],
pc portable gamer msi katana 17 b13vgk / i7-13620h / rtx 4070 8g / 32 go ddr5 / 1 to ssd / noir,4949000.0,[B13VGK-1226XFR-32],
pc portable gamer asus tuf gaming a15 tuf507ui / ryzen 9 8940hs / rtx 4070 8g / 32 go ddr5 / 512 go ssd / windows 11,4959000.0,[TUF507UI-LP063W-32],
pc portable asus tuf507vi / i7-13620h / rtx 4070 8g / 8 go / 512 go ssd / windows 11,4989000.0,[TUF507VI-LP089W],
apple macbook air m2 / 8go / 256 go / silver,4999000.0,[MQKR3FN/A],
apple macebook air m2 8go / 256 go ssd / bleu midnight,4999000.0,[MQKW3FN/A],
apple macbook pro m2 / 8go / 256 go / starlight,4999000.0,[MQKU3FN/A],
pc portable dell latitude 7430 2 en 1 / i7 12è gén / 16 go / 512 go ssd,4999000.0,[7430I7-3Y],
pc portable lenovo thinkpad l13 yoga gen 4 / i7-1355u / 16 go,5019000.0,[21FJ0028FE],
pc portable asus tuf507vi / i7-13620h / rtx 4070 8g / 16 go / 512 go ssd / windows 11,5059000.0,[TUF507VI-LP089W-16],
pc portable lenovo thinkpad t16 gen 1 / i7-1270p / 32 go / 512 go ssd / windows 11 pro,5089000.0,[21BWS1H60Y-4Y],
pc portable asus tuf507vi / i7-13620h / rtx 4070 8g / 24 go / 512 go ssd / windows 11,5109000.0,[TUF507VI-LP089W-24],
pc portable asus zenbook s 13 oled / ultra 7 155u / 32 go / 1 to ssd / windows 11 / gris,5119000.0,[UX5304MA-NQ039W],
pc portable asus zenbook s 14 ux5406sa / ultra 7 258v / 16 go / 1 to ssd / windows 11 / blanc,5169000.0,[UX5406SA-PV044W-2Y],
pc portable dell latitude 7440 / i7-1355u / 16 go ddr5 / 512 go ssd / windows 11 pro,5199000.0,[7440I7-W11P-3Y],
"apple macbook air m3 13"" (2024) / 8 go / 512 go / gris sidéral",5359000.0,[MRXP3FN/A],
pc portable hp elitebook 830 g10 / i7-1355u / 8 go / 512 go ssd / windows 11 pro,5439000.0,[8A3M1EA],
pc portable gamer hp omen gaming 16-wf1005nk / i9-14900hx / rtx 4070 8g / 16 go ddr5 / 1 to ssd / windows 11 / noir,5489000.0,[AB1S3EA],
pc portable lenovo thinkpad l13 gen 5 2-en-1 / ultra 7 165u / 32 go ddr5 / 1 to ssd / windows 11 pro / noir,5549000.0,[21LNS0DK00-3Y],
pc portable gamer hp omen gaming 16-wf1005nk / i9-14900hx / rtx 4070 8g / 24 go ddr5 / 1 to ssd / windows 11 / noir,5569000.0,[AB1S3EA-24],
pc portable lenovo thinkpad t14s gen 5 / ultra 7 155u / 32 go / 1 to ssd / windows 11 / noir,5599000.0,[21LTS41W00-3Y],
pc portable dell latitude 7450 / ultra 7 165u / 16go 512go ssd / gris,5599000.0,[LAT-7450-512-3Y],
pc portable gamer hp omen gaming 16-wf1005nk / i9-14900hx / rtx 4070 8g / 32 go ddr5 / 1 to ssd / windows 11 / noir,5639000.0,[AB1S3EA-32],
pc portable gigabyte aorus 16x asg / i7-14650hx / rtx 4070 8g / 16 go / 1to ssd / windows 11 / noir,5789000.0,[GB-16X-ASGI7-2Y],
pc portable gigabyte aorus 16x asg / i7-14650hx / rtx 4070 8g / 24 go / 1to ssd / windows 11 / noir,5873000.0,[GB-16X-ASGI7-2Y-24],
pc portable gigabyte aorus 16x asg / i7-14650hx / rtx 4070 8g / 32 go / 1to ssd / windows 11 / noir,5949000.0,[GB-16X-ASGI7-2Y-32],
pc portable gamer lenovo légion pro 5 16irx9 / i9-14900hx / rtx 4060 8g / 32 go ddr5 / 1 to ssd / noir,5999000.0,[83DF00D6FG-2Y],
"pc portable apple macbook air m2 (2023) 15"" / 8 go / 512 go ssd / midnight",5999000.0,[MQKX3FN/A],
pc portable dell latitude 7340 / i7-1365u de 13e gén / 16 go ddr5 / 512 go ssd / windows 11 pro,6099000.0,[7340-I7512-3Y],
pc portable gamer hp omen gaming 16-wf1007nk / i9-14900hx / rtx 4070 8g / 32 go ddr5 / 1 to ssd / windows 11 / noir,6299000.0,[AB1S4EA],
pc portable dell latitude 7330 2 en 1 / i7 12è gén / 16 go / 512 go ssd,6359000.0,[7330-I7-3Y],
pc portable asus zenbook s 14 ux5406sa / ultra 9 288v / 32 go / 1 to ssd / windows 11 / blanc,6359000.0,[UX5406SA-PZ260W-2Y],
pc portable gamer asus rog strix g16 / i9-14900hx / rtx 4060 8g / 16 go ddr5 / 1 to ssd / windows 11 / noir,6399000.0,[G614JVR-N4084W-2Y],
pc portable lenovo légion pro 5 16irx8 / i7-13700hx / rtx 4070 8g / 16 go / 1 to ssd / windows 11 + souris gaming rgb lenovo légion m300,6439000.0,[82WK00JYFG-2Y],
pc portable asus zenbook duo ux8406ma / ultra 7 155h / 32 go / 1 to ssd / windows 11 pro / noir,6499000.0,[UX8406MA-QL357X-2Y],
pc portable lenovo légion pro 5 16irx8 / i7-13700hx / rtx 4070 8g / 24 go / 1 to ssd / windows 11 + souris gaming rgb lenovo légion m300,6509000.0,[82WK00JYFG-2Y-24],
pc portable lenovo légion pro 5 16irx8 / i7-13700hx / rtx 4070 8g / 32 go / 1 to ssd / windows 11,6559000.0,[82WK00JYFG-2Y-32],
pc portable lenovo légion pro 5 16arx8 / ryzen 9 7945hx / rtx 4070 8g / 16 go / 1 to ssd / noir / windows 11 + casque gaming gratuit,6599000.0,[BU-82WM00CDFG-2Y],
"pc portable lenovo thinkpad x12 amovible gén 1 / 12.3"" / i7 11è gén / noir",6599000.0,[20UVS2LS00],
pc portable gigabyte aorus 16x asg / i9-14900hx / rtx 4070 8g / 32 go / 2 to ssd / windows 11 / noir,6999000.0,[GB-16X-ASGI9-2Y],
pc portable gamer asus rog strix g16 g614 / i9-14900hx / rtx 4060 8g / 32 go ddr5 / 2 to ssd / windows 11 / noir,7199000.0,[G614JVR-N4165W-2Y],
pc portable dell latitude 7350 2-en-1 / ultra 7 165u / 16 go / 512 go ssd / windows 11 pro / gris,7299000.0,[LAT-7350-3Y],
pc portable lenovo thinkpad x1 carbon gen 11 / i7-1355u 13è gén / 32 go / noir / windows 11 pro,7299000.0,[21HNSH3Y00-3Y],
pc portable gigabyte aorus 16x asg / i9-14900hx / rtx 4070 8g / 64 go / 2 to ssd / windows 11 / noir,7389000.0,[GB-16X-ASGI9-2Y-64],
pc portable lenovo thinkpad p15v gen 3 / i7-12800h / t600 4g / 16 go ddr5 / 512 go ssd / windows 11 pro / noir,7399000.0,[21D8001WFE-3Y],
pc portable lenovo thinkpad x1 carbon gen 12 / ultra 7 165u / 64 go ddr5 / 1 to ssd / windows 11 / noir,7459000.0,[21KDS9P400-3Y],
pc portable lenovo thinkpad p15v gen 3 / i7-12800h / t600 4g / 24 go ddr5 / 512 go ssd / windows 11 pro / noir,7519000.0,[21D8001WFE-3Y-24],
pc portable lenovo thinkpad p15v gen 3 / i7-12800h / t600 4g / 32 go ddr5 / 512 go ssd / windows 11 pro / noir,7549000.0,[21D8001WFE-3Y-32],
pc portable msi gaming vector gp68 hx  / i7-13700hx / rtx 4070 8g / 16 go,7559000.0,[GP68-HX-13VG],
pc portable lenovo thinkpad x1 carbon g12 ultra 7 / 32go 1to ssd / /noir / windows 11 pro,7559000.0,[21KDS0K800-3Y],
pc portable gamer asus rog strix g16 g614 / i9-14900hx / rtx 4070 8g / 32 go ddr5 / 1 to ssd / windows 11 / noir,7999000.0,[G614JIR-N4063W],
pc portable lenovo thinkpad x1 yoga gen 6 / i7 11è gén / 16 go,8199000.0,[20Y0S23T00],
pc portable gamer lenovo legion slim 7 / 16irh8 i9 13gen / 32 go / 1 to ssd / gris,8279000.0,[82Y30027FG-2Y],
"apple macbook pro m3 pro 14"" / 18 go / 512 go / noir sidéral",8779000.0,[MRX33FN/A],
pc portable dell latitude 7350 détachable / ultra 7 164u / 32 go / 512 go ssd / windows 11 pro / gris,9699000.0,[LAT-7350-TAB-3Y],
"apple macbook pro m3 pro 14"" / 18 go / 1 to / noir sidéral",10339000.0,[MRX43FN/A],
apple macbook pro m3 / 18 go / 512 go ssd  / noir,10649000.0,[MRW13FN/A],
pc portable lenovo légion pro 7 / i9-13900hx / rtx 4080 12g / 32 go / 1 to ssd / gris,11259000.0,[82WQ00A6FG-2Y],
