title,price,reference,description
ecran asus zenscreen lcd mb165b 15.6'' wxga 60 hz,429000.0, [90LM0703-B01170],
ecran mobile lenovo thinkvision m15 15.6'' full hd ips 60hz,509000.0, [62CAUAT1WL],
pc portable lenovo ideapad 1 15igl7 intel celeron n4020 4go 256g ssd - gris,695000.0, [82V700D4FE],
pc portable lenovo v15 g2 ijl intel celeron n4500 8go 256go ssd - noir,719000.0, [82QY00PEFE],
pc portable lenovo v15 g4 amn amd athlon 8go 256go ssd - noir,725000.0, [82YU0044FE],
pc portable lenovo v15 g4 amn amd athlon 8g 256go ssd - noir,729000.0, [BU-82YU0044FE],
pc portable lenovo ideapad 1 15amn7 amd athlon 8go 256go ssd - gris,769000.0, [82VG00NYFG],
pc portable lenovo ideapad 1 15igl7 intel celeron n4020 8g 256go ssd - bleu,769000.0, [82V700EJFG],
pc portable hp 15-fd0030nk intel n100 4go 256go ssd - gris,769000.0, [886L5EA],
pc portable lenovo ideapad 1 15igl7 intel celeron n4020 8go 256go ssd - gris,769000.0, [82V700EFFG],
pc portable hp 15-fd0030nk intel n100 4g 256go ssd - gris,779000.0, [BU-886L5EA],
pc portable lenovo v15 g4 amn amd athlon 8go 256g ssd - noir,785000.0, [BU-82YU0044FE-W11P],
pc portable hp 15-fd0038nk intel n100 4go 256go ssd - blanc,789000.0, [9D6V7EA],
ecran mobile lenovo thinkvision m14 14'' full hd ips 60hz,789000.0, [61DDUAT6EU],
pc portable hp 15-fd0030nk intel n100 8go 256go ssd - gris,789000.0, [886L5EA-8G],
pc portable hp 15-fd0030nk intel n100 8g 256go ssd - gris,799000.0, [BU-886L5EA-8G],
pc portable hp 15-fd0038nk intel n100 8go 256go ssd - blanc,809000.0, [9D6V7EA-8G],
pc portable hp 15-fd0030nk intel n100 16g 256go ssd - gris,839000.0, [BU-886L5EA-16G],
pc portable hp 15-fd0038nk intel n100 16go 256go ssd - blanc,849000.0, [9D6V7EA-16G],
pc portable hp 15-fc0021nk amd ryzen 3 4go 256go ssd - silver,869000.0, [886K1EA],
pc portable dell vostro 3520 i3 12è gén 4go 256go ssd - noir,869000.0, [N4004PVNB3520],
pc portable dell vostro 3520 i3 12è gén 4go 256g ssd - noir,879000.0, [BU-N4004PVNB3520],
pc portable hp 15-fc0021nk amd ryzen 3 4g 256go ssd - silver,879000.0, [BU-886K1EA],
pc portable lenovo ideapad 1 15amn7 amd ryzen 3 8go 256go ssd - gris,879000.0, [82VG00DXFG],
pc portable dell vostro 3520 i3 12è gén 8go 256go ssd - noir,885000.0, [N4004PVNB3520-8G],
unknown,0.0,N/A,
pc portable dell vostro 3520 i3 12è gén 8go 256g ssd - noir,895000.0, [BU-N4004PVNB3520-8G],
pc portable lenovo ideapad 3 15iau7 i3 12è gén 4go 256go ssd - gris,899000.0, [82RK014XFG],
pc portable lenovo ideapad 1 15amn7 amd ryzen 3 8go 256go ssd - gris,899000.0, [82VG00MHFG],
pc portable lenovo ideapad slim 3 15amn8 amd ryzen 3 8go 256go ssd - gris,899000.0, [82XQ00DMFG],
pc portable dell vostro 3520 i3 12ème gén 4go 256go ssd - noir,919000.0, [VOSTRO-3520-I3-256SSD],
pc portable lenovo ideapad 3 15iau7 i3 12ème gén 8go 256go ssd - gris,919000.0, [82RK014XFG-8G],
pc portable dell vostro 3520 i3 12è gén 12go 256go ssd - noir,919000.0, [N4004PVNB3520-12G],
pc portable dell vostro 3520 i3 12è gén 12go 256g ssd - noir,929000.0, [BU-N4004PVNB3520-12G],
pc portable dell vostro 3520 i3 12ème gén 4go 256go ssd - noir,929000.0, [BU-N4004PVNB3520-W11],
pc portable lenovo ideapad 3 15iau7 i3 12è gén 12go 256go ssd - gris,939000.0, [82RK014XFG-12G],
pc portable dell vostro 3520 i3 12è gén 16go 256go ssd - noir,939000.0, [N4004PVNB3520-16G],
pc portable dell vostro 3520 i3 12ème gén 8go 256go ssd - noir,945000.0, [BU-N4004PVNB3520-8G-W11],
pc portable dell vostro 3520 i3 12è gén 16go 256g ssd - noir,949000.0, [BU-N4004PVNB3520-16G],
pc portable lenovo ideapad 3 15itl6 i3 11è gén 12go 256g ssd - sable,949000.0, [82H802CTFG-12G],
pc portable lenovo ideapad 1 15iau7 i3 12ème gén 8go 256go ssd - gris,949000.0, [82QD00E2FE],
pc portable dell vostro 3520 i3 12è gén 20go 256go ssd - noir,965000.0, [N4004PVNB3520-20G],
pc portable lenovo ideapad 1 15amn7 amd ryzen 3 8go 512go ssd - gris,969000.0, [82VG00P0FG],
pc portable lenovo ideapad 1 15iau7 i3 12ème gén 12go 256go ssd - gris,969000.0, [82QD00E2FE-12G],
pc portable dell vostro 3520 i3 12è gén 20go 256g ssd - noir,979000.0, [BU-N4004PVNB3520-20G],
pc portable dell vostro 3520 i3 12ème gén 12go 256go ssd - noir,979000.0, [BU-N4004PVNB3520-12G-W11],
pc portable lenovo ideapad 3 15iau7 i3 12è gén 20go 256go ssd - gris,999000.0, [82RK014XFG-20G],
pc portable dell vostro 3520 i3 12ème gén 16go 256go ssd - noir,999000.0, [BU-N4004PVNB3520-16G-W11],
pc portable dell vostro 3520 i3 12è gén 8go 512go ssd - noir,999000.0, [V3520-I3-512SSD],
pc portable hp 15-fc0020nk amd ryzen 3 4go 256go ssd - silver & bleu,999000.0, [886K0EA],
pc portable lenovo v15 g3 iap i3 12è gén 4go 256go ssd - noir,999000.0, [82TT00J2FE],
pc portable lenovo ideapad 1 15iau7 i3 12ème gén 8g 256g ssd - gris,1009000.0, [BU-82QD00E2FE-W11P],
pc portable lenovo ideapad 1 15iau7 i3 12ème gén 4go 256go ssd - bleu,1015000.0, [82QD00AQFE],
pc portable lenovo v15 g3 iap i3 12è gén 8go 256go ssd - noir,1015000.0, [82TT00J2FE-8G],
pc portable lenovo ideapad 3 15iau7 i3 12ème gén 8go 512go ssd - gris,1019000.0, [82RK016YFG],
pc portable lenovo ideapad 3 15iau7 i3 12ème gén 8go 512go ssd - bleu,1019000.0, [82RK017AFG],
pc portable lenovo ideapad 1 15iau7 i3 12ème gén 8go 512go ssd - gris,1019000.0, [82QD00G1FG],
pc portable dell vostro 3520 i3 12è gén 12go 512go ssd - noir,1019000.0, [V3520-I3-512SSD-12G],
pc portable dell vostro 3520 i3 12ème gén 20go 256go ssd - noir,1025000.0, [BU-N4004PVNB3520-20G-W11],
pc portable lenovo ideapad 1 15iau7 i3 12ème gén 12g 256g ssd - gris,1029000.0, [BU-82QD00E2FE-12G-W11P],
pc portable lenovo ideapad 1 15iau7 i3 12ème gén 16go 256go ssd - gris,1029000.0, [82QD00E2FE-16G],
pc portable lenovo ideapad slim 3 15iru8 i3 13è gén 8go 256go ssd - gris,1029000.0, [82X7009RFG],
pc portable lenovo ideapad 1 15iau7 i3 12ème gén 12go 512go ssd - gris,1039000.0, [82QD00G1FG-12G],
pc portable lenovo ideapad 1 15iau7 i3 12è gén 8go 256go ssd - bleu,1045000.0, [82QD00AQFE-8G],
pc portable dell vostro 3520 i3 12è gén 16go 512go ssd - noir,1049000.0, [V3520-I3-512SSD-16G],
pc portable asus vivobook 15 x1504va i3 13è gén 4go 256go ssd - silver,1049000.0, [X1504VA-NJ520W],
pc portable asus vivobook 15 x1504va i3 13è gén 4go 256go ssd - bleu,1049000.0, [X1504VA-NJ519W],
pc portable lenovo ideapad 1 15iau7 i3 12è gén 8go 256go ssd - gris,1049000.0, [82QD00C2FG],
pc portable lenovo v15 g3 iap i3 12ème gén 12go 256go ssd - noir,1055000.0, [82TT00J2FE-12G],
pc portable asus vivobook 15 x1504va i3 13è gén 8go 256g ssd - silver,1069000.0, [X1504VA-NJ432W],
pc portable asus vivobook 15 x1504va i3 13è gén 8go 256g ssd - bleu,1069000.0, [X1504VA-NJ480W],
pc portable asus vivobook 15 x1504va i3 13è gén 8go 256go ssd - silver,1069000.0, [X1504VA-NJ520W-8G],
pc portable asus vivobook 15 x1504va i3 13è gén 8go 256go ssd - bleu,1069000.0, [X1504VA-NJ519W-8G],
pc portable lenovo ideapad 1 15iau7 i3 12è gén 12go 256go ssd - bleu,1075000.0, [82QD00AQFE-12G],
pc portable lenovo ideapad 1 15iau7 i3 12ème gén 16go 512go ssd - gris,1079000.0, [82QD00G1FG-16G],
pc portable lenovo ideapad 1 15iau7 i3 12è gén 12go 256go ssd - gris,1079000.0, [82QD00C2FG-12G],
pc portable asus vivobook 15 x1504va i3 13è gén 12go 256g ssd - silver,1089000.0, [X1504VA-NJ432W-12G],
pc portable lenovo ideapad 1 15iau7 i3 12ème gén 16g 256g ssd - gris,1089000.0, [BU-82QD00E2FE-16G-W11P],
pc portable asus vivobook 15 x1504va i3 13è gén 12go 256g ssd - bleu,1089000.0, [X1504VA-NJ480W-12G],
pc portable lenovo v15 g3 iap i3 12è gén 20go 256go ssd - noir,1095000.0, [82TT00J2FE-20G],
pc portable dell vostro 3520 i3 12è gén 24go 512go ssd - noir,1095000.0, [V3520-I3-512SSD-24G],
pc portable asus expertbook b2 b2502c i3 12è gén 8go 512go ssd - noir,1109000.0, [B2502CBA-KJ1662],
pc portable dell vostro 3530 i3 13è gén 8go 256go ssd - noir,1109000.0, [VOSTRO-3530-I3-256SSD],
pc portable hp 15-fd0060nk i3-n305 8go 256go ssd - silver,1109000.0, [A2AP4EA],
pc portable hp 15-fd0057nk i3-n305 8go 256go ssd - silver & bleu,1109000.0, [A2AP3EA],
pc portable hp 15-fd0056nk i3-n305 8go 256go ssd - silver & or chaud,1109000.0, [A2AP2EA],
pc portable asus vivobook 15 x1504va i3 13è gén 12go 256go ssd - silver,1109000.0, [X1504VA-NJ520W-12G],
pc portable asus vivobook 15 x1504va i3 13è gén 12go 256go ssd - bleu,1109000.0, [X1504VA-NJ519W-12G],
pc portable lenovo ideapad 1 15iau7 i3 12è gén 16go 256go ssd - gris,1109000.0, [82QD00C2FG-16G],
pc portable lenovo ideapad 1 15iau7 i3 12è gén 20go 256go ssd - bleu,1119000.0, [82QD00AQFE-20G],
pc portable asus vivobook 15 x1504va i3 13è gén 16go 256g ssd - silver,1129000.0, [X1504VA-NJ432W-16G],
pc portable asus vivobook 15 x1504va i3 13è gén 16go 256g ssd - bleu,1129000.0, [X1504VA-NJ480W-16G],
pc portable asus chromebook cx1 pentium silver n6000 8go 32go emmc - silver,1129000.0, [CX1500CKA-EJ0021],
pc portable hp 15-fc0030nk amd ryzen 3 8go 512go ssd - silver & or chaud,1129000.0, [A2AN7EA],
pc portable lenovo ideapad slim 3 15iru8 i3 13è gén 8g 256go ssd - gris,1129000.0, [BU-82X7009RFG-W11P],
pc portable asus expertbook b2 b2502c i3 12è gén 12go 512go ssd - noir,1139000.0, [B2502CBA-KJ1662-12G],
pc portable dell vostro 3520 i3 12è gén 32go 512go ssd - noir,1149000.0, [V3520-I3-512SSD-32G],
pc portable asus vivobook 15 x1504va i3 13è gén 20go 256go ssd - silver,1149000.0, [X1504VA-NJ520W-20G],
pc portable asus vivobook 15 x1504va i3 13è gén 20go 256go ssd - bleu,1149000.0, [X1504VA-NJ519W-20G],
pc portable lenovo ideapad 3 15itl6 i3 11è gén 8go 256go ssd - gris,1149000.0, [82H802B0FE-8G],
pc portable hp 15-fd0060nk i3-n305 16go 256go ssd - silver,1159000.0, [A2AP4EA-16G],
pc portable hp 15-fd0057nk i3-n305 16go 256go ssd - silver & bleu,1159000.0, [A2AP3EA-16G],
pc portable hp 15-fd0056nk i3-n305 16go 256go ssd - silver & or chaud,1159000.0, [A2AP2EA-16G],
pc portable lenovo ideapad 1 15iau7 i3 12è gén 24go 256go ssd - gris,1165000.0, [82QD00C2FG-24G],
pc portable asus vivobook 15 x1504va i3 13è gén 24go 256g ssd - silver,1169000.0, [X1504VA-NJ432W-24G],
pc portable asus vivobook 15 x1504va i3 13è gén 24go 256g ssd - bleu,1169000.0, [X1504VA-NJ480W-24G],
pc portable hp 15-fd0056nk i3-n305 8g 256go ssd - silver & or chaud,1169000.0, [BU-A2AP2EA],
pc portable hp 15-fd0057nk i3-n305 8g 256go ssd - silver & bleu,1169000.0, [BU-A2AP3EA],
pc portable hp 15-fd0060nk i3-n305 8g 256go ssd - silver,1169000.0, [BU-A2AP4EA],
pc portable hp 15-fd0055nk i3-n305 8go 512go ssd - noir,1169000.0, [A2AP1EA],
pc portable hp 15-fd0053nk i3-n305 8go 512go ssd - silver,1169000.0, [A2AP0EA],
pc portable hp 15-fd0051nk i3-n305 8go 512go ssd - silver & or chaud,1169000.0, [A2AN9EA],
pc portable asus expertbook b2 b2502c i3 12è gén 16go 512go ssd - noir,1179000.0, [B2502CBA-KJ1662-16G],
pc portable hp 15-fd0056nk i3-n305 16g 256go ssd - silver & or chaud,1219000.0, [BU-A2AP2EA-16G],
pc portable hp 15-fd0057nk i3-n305 16g 256go ssd - silver & bleu,1219000.0, [BU-A2AP3EA-16G],
pc portable hp 15-fd0060nk i3-n305 16g 256go ssd - silver,1219000.0, [BU-A2AP4EA-16G],
pc portable asus expertbook b2 b2502c i3 12è gén 24go 512go ssd - noir,1229000.0, [B2502CBA-KJ1662-24G],
pc portable hp 15-fd0055nk i3-n305 8g 512go ssd - noir,1229000.0, [BU-A2AP1EA],
pc portable hp 15-fd0051nk i3-n305 16go 512go ssd - silver & or chaud,1229000.0, [A2AN9EA-16G],
pc portable hp 15-fd0055nk i3-n305 16go 512go ssd - noir,1229000.0, [A2AP1EA-16G],
pc portable hp 15-fd0053nk i3-n305 16go 512go ssd - silver,1229000.0, [A2AP0EA-16G],
pc portable dell vostro 3520 i5 12ème gén 4g 256go ssd - noir,1239000.0, [633640-3520],
pc portable lenovo v15 g4 amn amd ryzen 5 8go 512go ssd - noir,1239000.0, [82YU00CUFE],
pc portable dell vostro 3520 i5 12ème gén 8g 256go ssd - noir,1279000.0, [633640-3520-8G],
pc portable hp 15-fc0018nk amd ryzen 3 8go 512go ssd - silver & bleu,1285000.0, [886J8EA],
pc portable hp 15-fd0055nk i3-n305 16g 512go ssd - noir,1289000.0, [BU-A2AP1EA-16G],
pc portable dell vostro 3520 i5 12è gén 8go 512go ssd - noir,1299000.0, [V3520-I5-512SSD],
pc portable lenovo ideapad 1 15alc7 amd ryzen 5 8go 512go ssd - bleu,1299000.0, [82R400F7FG],
pc portable lenovo ideapad slim 3 15amn8 amd ryzen 5 8go 512go ssd - gris,1309000.0, [82XQ00DLFG],
pc portable dell vostro 3520 i5 12ème gén 12go 256g ssd - noir,1315000.0, [633640-3520-12G],
pc portable dell vostro 3520 i5 12ème gén 12go 512go ssd - noir,1319000.0, [V3520-I5-512SSD-12G],
pc portable hp 15-fc0019nk amd ryzen 3 8go 512go ssd - silver,1319000.0, [886J9EA],
pc portable lenovo ideapad 1 15alc7 amd ryzen 5 12go 512go ssd - bleu,1319000.0, [82R400F7FG-12G],
pc portable lenovo ideapad 1 15alc7 amd ryzen 5 16go 512go ssd - bleu,1355000.0, [82R400F7FG-16G],
pc portable dell vostro 3520 i5 12ème gén 16go 512go ssd - noir,1359000.0, [V3520-I5-512SSD-16G],
pc portable dell vostro 3520 i5 12ème gén 20go 256go ssd - noir,1365000.0, [BU-N4005PVNB3520-20G],
pc portable dell vostro 3520 i5 12ème gén 20g 256go ssd - noir,1389000.0, [633640-3520-20G],
pc portable lenovo ideapad 1 15amn7 amd ryzen 5 16go 512go ssd - gris,1389000.0, [82VG00NXFG],
pc portable dell vostro 3520 i5 12ème gén 24go 512go ssd - noir,1399000.0, [V3520-I5-512SSD-24G],
pc portable lenovo ideapad 1 15alc7 amd ryzen 5 24go 512go ssd - bleu,1399000.0, [82R400F7FG-24G],
pc portable dell vostro 3520 i5 12è gén 20go 256g ssd - noir,1415000.0, [BU-N4005PVNB3520-20G-W11],
pc portable lenovo v15 g4 iru i5 13è gén 8go 256go ssd - noir,1445000.0, [83A1009DFE],
pc portable lenovo thinkbook 16 g6 irl i3 13è gén 8go 512go ssd - gris,1449000.0, [21KH00SPFE],
pc portable lenovo ideapad 3 15alc6 amd ryzen 7 8g 512go ssd - gris,1465000.0, [82KU00H4FE],
pc portable hp 15-fd0267nk i5 13è gén 8go 256go ssd - gris,1469000.0, [A2AQ0EA],
pc portable lenovo ideapad slim 3 15iah8 i5 12è gén 8g 512go ssd - gris,1469000.0, [83ER00DUFG],
pc portable lenovo ideapad 3 15iau7 i5 12è gén 8go 512g ssd - bleu,1469000.0, [82RK0174FG],
pc portable lenovo ideapad 3 15alc6 amd ryzen 7 12g 512go ssd - gris,1495000.0, [82KU00H4FE-12G],
pc portable lenovo v15 g4 iru i5 13è gén 16go 256go ssd - noir,1499000.0, [83A1009DFE-16G],
pc portable lenovo v15 g4 iru i5 13è gén 8g 256go ssd - noir,1505000.0, [BU-83A1009DFE-W11P],
pc portable lenovo ideapad slim 3 15iah8 i5 12è gén 8go 512g ssd - gris,1529000.0, [BU-83ER00DUFG-W11P],
pc portable lenovo ideapad slim 3 15irh8 i5 13è gén 8go 512g ssd - gris,1529000.0, [83EM008TFG],
pc portable lenovo ideapad slim 3 15irh8 i5 13è gén 8go 512go ssd - gris,1529000.0, [83EM0061FG],
pc portable lenovo v15 g4 iru i5 13è gén 8go 512go ssd - noir,1535000.0, [83A1009HFE],
pc portable lenovo ideapad 3 15alc6 amd ryzen 7 20g 512go ssd - gris,1539000.0, [82KU00H4FE-20G],
pc portable lenovo v15 g4 iru i5 13è gén 24go 256go ssd - noir,1549000.0, [83A1009DFE-24G],
pc portable lenovo v15 g4 iru i5 13è gén 16g 256go ssd - noir,1559000.0, [BU-83A1009DFE-16G-W11P],
pc portable lenovo v15 g4 iru i5 13è gén 12go 512go ssd - noir,1565000.0, [83A1009HFE-12G],
pc portable asus vivobook 15 x1502va i5 13è gén 8go 512go ssd - silver,1589000.0, [X1502VA-NJ231W],
pc portable asus vivobook 15 x1502va i5 13è gén 8go 512go ssd - bleu,1589000.0, [X1502VA-NJ147W],
pc portable lenovo v15 g4 iru i5 13è gén 8go 512g ssd - noir,1595000.0, [BU-83A1009HFE-W11P],
pc portable lenovo v15 g4 iru i5 13è gén 16go 512go ssd - noir,1605000.0, [83A1009HFE-16G],
pc portable asus vivobook 15 x1502va i5 13è gén 12go 512go ssd - silver,1609000.0, [X1502VA-NJ231W-12G],
pc portable lenovo v15 g4 iru i5 13è gén 24g 256go ssd - noir,1609000.0, [BU-83A1009DFE-24G-W11P],
pc portable asus vivobook 15 x1502va i5 13è gén 12go 512go ssd - bleu,1609000.0, [X1502VA-NJ147W-12G],
pc portable hp 15-fd0097nk i5 13è gén 8go 512go ssd - noir,1619000.0, [A2AP8EA],
pc portable hp 15-fd0094nk i5 13è gén 8go 512go ssd - silver & bleu,1619000.0, [A2AP5EA],
pc portable hp 15-fd0093nk i5 13è gén 8go 512go ssd - silver & or chaud,1619000.0, [A2AP6EA],
pc portable hp 15-fd0095nk i5 13è gén 8go 512go ssd - silver,1619000.0, [A2AP7EA],
pc portable lenovo v15 g4 iru i5 13è gén 12g 512go ssd - noir,1625000.0, [BU-83A1009HFE-12G-W11P],
pc portable hp 15-fd0095nk i5 13è gén 12go 512go ssd - silver,1635000.0, [A2AP7EA-12G],
pc portable hp 15-fd0093nk i5 13è gén 12go 512go ssd - silver & or chaud,1635000.0, [A2AP6EA-12G],
pc portable hp 15-fd0094nk i5 13è gén 12go 512go ssd - silver & bleu,1635000.0, [A2AP5EA-12G],
pc portable hp 15-fd0097nk i5 13è gén 12go 512go ssd - noir,1635000.0, [A2AP8EA-12G],
pc portable asus vivobook 16 x1605va i5 13è gén 8go 512go ssd - silver,1639000.0, [X1605VA-MB475W],
pc portable asus vivobook 15 x1502va i5 13è gén 16go 512go ssd - bleu,1639000.0, [X1502VA-NJ147W-16G],
pc portable asus vivobook 15 x1502va i5 13è gén 16go 512go ssd - silver,1645000.0, [X1502VA-NJ231W-16G],
pc portable lenovo v15 g4 iru i5 13è gén 24go 512go ssd - noir,1645000.0, [83A1009HFE-24G],
pc portable hp 15-fd0041nk i5 13è gén 8go 512go ssd - silver & bleu,1659000.0, [9D6V9EA],
pc portable hp 15-fd0042nk i5 13è gén 8go 512go ssd - silver,1659000.0, [9D6W0EA],
pc portable hp 15-fd0048nk i5 13è gén 8go 512go ssd - silver & or chaud,1659000.0, [9D6W1EA],
pc portable asus vivobook 16 x1605va i5 13è gén 12go 512go ssd - silver,1659000.0, [X1605VA-MB475W-12G],
pc portable lenovo v15 g4 iru i5 13è gén 16go 512g ssd - noir,1665000.0, [BU-83A1009HFE-16G-W11P],
pc portable hp 15-fd0095nk i5 13è gén 16go 512go ssd - silver,1669000.0, [A2AP7EA-16G],
pc portable hp 15-fd0093nk i5 13è gén 16go 512go ssd - silver & or chaud,1669000.0, [A2AP6EA-16G],
pc portable hp 15-fd0094nk i5 13è gén 16go 512go ssd - silver & bleu,1669000.0, [A2AP5EA-16G],
pc portable hp 15-fd0097nk i5 13è gén 16go 512go ssd - noir,1669000.0, [A2AP8EA-16G],
pc portable hp 15-fd0041nk i5 13è gén 12go 512go ssd - silver & bleu,1679000.0, [9D6V9EA-12G],
pc portable hp 15-fd0042nk i5 13è gén 12go 512go ssd - silver,1679000.0, [9D6W0EA-12G],
pc portable hp 15-fd0048nk i5 13è gén 12go 512go ssd - silver & or chaud,1679000.0, [9D6W1EA-12G],
pc portable hp 15-fd0093nk i5 13ème gén 8go 512go ssd - silver & or chaud,1679000.0, [BU-A2AP6EA],
pc portable hp 15-fd0095nk i5 13è gén 8g 512go ssd - silver,1679000.0, [BU-A2AP7EA],
pc portable hp 15-fd0094nk i5 13ème gén 8go 512go ssd - silver & bleu,1679000.0, [BU-A2AP5EA],
pc portable hp 15-fd0097nk i5 13è gén 8g 512go ssd - noir,1679000.0, [BU-A2AP8EA],
pc portable asus vivobook 15 x1502va i5 13è gén 24go 512go ssd - bleu,1679000.0, [X1502VA-NJ147W-24G],
pc portable asus vivobook 15 x1502va i5 13è gén 24go 512go ssd - silver,1685000.0, [X1502VA-NJ231W-24G],
pc portable hp 15-fd0093nk i5 13ème gén 12go 512go ssd - silver & or chaud,1695000.0, [BU-A2AP6EA-12G],
pc portable hp 15-fd0095nk i5 13è gén 12g 512go ssd - silver,1695000.0, [BU-A2AP7EA-12G],
pc portable hp 15-fd0094nk i5 13ème gén 12go 512go ssd - silver & bleu,1695000.0, [BU-A2AP5EA-12G],
pc portable hp 15-fd0097nk i5 13è gén 12g 512go ssd - noir,1695000.0, [BU-A2AP8EA-12G],
pc portable asus vivobook 16 x1605va i5 13è gén 16go 512go ssd - silver,1699000.0, [X1605VA-MB475W-16G],
pc portable lenovo ideapad 1 15alc7 amd ryzen 7 8go 512go ssd - gris,1699000.0, [82R400KVFG],
pc portable lenovo v15 g4 iru i5 13è gén 24go 512g ssd - noir,1705000.0, [BU-83A1009HFE-24G-W11P],
pc portable hp 15-fd0041nk i5 13è gén 16go 512go ssd - silver & bleu,1709000.0, [9D6V9EA-16G],
pc portable hp 15-fd0042nk i5 13è gén 16go 512go ssd - silver,1709000.0, [9D6W0EA-16G],
pc portable hp 15-fd0048nk i5 13è gén 16go 512go ssd - silver & or chaud,1709000.0, [9D6W1EA-16G],
pc portable hp 15-fd0095nk i5 13è gén 24go 512go ssd - silver,1715000.0, [A2AP7EA-24G],
pc portable hp 15-fd0093nk i5 13è gén 24go 512go ssd - silver & or chaud,1715000.0, [A2AP6EA-24G],
pc portable hp 15-fd0094nk i5 13è gén 24go 512go ssd - silver & bleu,1715000.0, [A2AP5EA-24G],
pc portable hp 15-fd0097nk i5 13è gén 24go 512go ssd - noir,1715000.0, [A2AP8EA-24G],
pc portable hp 15-fd0093nk i5 13ème gén 16go 512go ssd - silver & or chaud,1729000.0, [BU-A2AP6EA-16G],
pc portable hp 15-fd0095nk i5 13è gén 16g 512go ssd - silver,1729000.0, [BU-A2AP7EA-16G],
pc portable hp 15-fd0094nk i5 13ème gén 16go 512go ssd - silver & bleu,1729000.0, [BU-A2AP5EA-16G],
pc portable hp 15-fd0097nk i5 13è gén 16g 512go ssd - noir,1729000.0, [BU-A2AP8EA-16G],
pc portable lenovo ideapad 1 15alc7 amd ryzen 7 12go 512go ssd - gris,1729000.0, [82R400KVFG-12G],
pc portable asus vivobook 16 x1605va i5 13è gén 24go 512go ssd - silver,1739000.0, [X1605VA-MB475W-24G],
pc portable hp 15-fd0041nk i5 13è gén 24go 512go ssd - silver & bleu,1749000.0, [9D6V9EA-24G],
pc portable hp 15-fd0042nk i5 13è gén 24go 512go ssd - silver,1749000.0, [9D6W0EA-24G],
pc portable hp 15-fd0048nk i5 13è gén 24go 512go ssd - silver & or chaud,1749000.0, [9D6W1EA-24G],
pc portable hp 15-fd0097nk i5 13è gén 32go 512go ssd - noir,1755000.0, [A2AP8EA-32G],
pc portable lenovo ideapad 1 15alc7 amd ryzen 7 16go 512go ssd - gris,1755000.0, [82R400KVFG-16G],
pc portable hp 15-fd0093nk i5 13ème gén 24go 512go ssd - silver & or chaud,1775000.0, [BU-A2AP6EA-24G],
pc portable hp 15-fd0095nk i5 13è gén 24g 512go ssd - silver,1775000.0, [BU-A2AP7EA-24G],
pc portable hp 15-fd0094nk i5 13ème gén 24go 512go ssd - silver & bleu,1775000.0, [BU-A2AP5EA-24G],
pc portable hp 15-fd0097nk i5 13è gén 24g 512go ssd - noir,1775000.0, [BU-A2AP8EA-24G],
pc portable lenovo ideapad slim 3 15abr8 amd ryzen 7 8go 512go ssd - gris,1775000.0, [82XM006NFG],
pc portable lenovo thinkbook 16 g6 abp amd ryzen 7 8g 512go ssd - gris,1799000.0, [BU-21KK004FFE],
pc portable lenovo thinkbook 16 g6 abp amd ryzen 7 8go 512go ssd - gris,1799000.0, [21KK004FFE],
pc portable hp 15-fd0024nk i5 13è gén 8go 512go ssd - silver & bleu,1799000.0, [886K9EA],
pc portable lenovo ideapad 1 15alc7 amd ryzen 7 24go 512go ssd - gris,1809000.0, [82R400KVFG-24G],
pc portable hp 15-fd0097nk i5 13è gén 32g 512go ssd - noir,1815000.0, [BU-A2AP8EA-32G],
pc portable hp 15-fd0024nk i5 13è gén 12go 512go ssd - silver & bleu,1825000.0, [886K9EA-12G],
pc portable dell vostro 3520 i7 12ème gén 8go 512go ssd,1859000.0, [V3520-I7-512SSD],
pc portable lenovo thinkbook 16 g6 abp amd ryzen 7 16g 512go ssd - gris,1869000.0, [BU-21KK004FFE-16G],
pc portable lenovo thinkbook 16 g6 abp amd ryzen 7 16go 512go ssd - gris,1869000.0, [21KK004FFE-16G],
pc portable hp 15-fd0024nk i5 13è gén 20go 512go ssd - silver & bleu,1889000.0, [886K9EA-20G],
pc portable asus expertbook b1 b1502 i5 13è gén 8go 512go ssd - noir,1899000.0, [B1502CVA-NJ1266],
pc portable dell vostro 3520 i7 12ème gén 16go 512go ssd,1919000.0, [V3520-I7-512SSD-16G],
pc portable hp 15-fc0015nk amd ryzen 7 8go 512go ssd - silver,1919000.0, [886J5EA],
pc portable hp 15-fd0032nk i5 13è gén 12go 512go ssd - silver & bleu,1935000.0, [898J8EA-12G],
pc portable dell vostro 3520 i7 12ème gén 24go 512go ssd,1959000.0, [V3520-I7-512SSD-24G],
pc portable lenovo ideapad gaming 3 15ach6 amd ryzen 5 16go rtx2050,1969000.0, [82K202CMFG],
pc portable lenovo ideapad 1 15iau7 i7 12è gén 8go 512go ssd - bleu,1969000.0, [82QD00FYFG],
pc portable asus vivobook 17 x1704va i5 13è gén 8go 512go ssd - silver,1979000.0, [X1704VA-AU229W],
pc portable lenovo ideapad 1 15iau7 i7 12è gén 12go 512go ssd - bleu,1989000.0, [82QD00FYFG-12G],
pc portable lenovo ideapad flex 5 14abr8 amd ryzen 5 8g 512go ssd - gris,1995000.0, [82XX00A9FG],
pc portable hp 15-fc0015nk amd ryzen 7 20go 512go ssd - silver,1999000.0, [886J5EA-20G],
pc portable dell vostro 3520 i7 12ème gén 32go 512go ssd,2009000.0, [V3520-I7-512SSD-32G],
pc portable lenovo ideapad 1 15iau7 i7 12è gén 16go 512go ssd - bleu,2019000.0, [82QD00FYFG-16G],
pc portable lenovo ideapad 1 15iau7 i7 12è gén 8go 512g ssd - bleu,2029000.0, [BU-82QD00FYFG-W11P],
pc portable hp 15-fc0014nk amd ryzen 7 20go 512go ssd - silver,2029000.0, [886J4EA-20G],
pc portable dell latitude 3540 i5 13è gén 8go 256go ssd - gris,2029000.0, [3540-I5-256SSD-1Y],
pc portable lenovo ideapad gaming 3 15ach6 amd ryzen 5 16go rtx 2050 - noir,2039000.0, [82K202B6FG],
pc portable asus vivobook 17 x1704va i5 13è gén 16go 512go ssd - bleu,2045000.0, [X1704VA-AU154W-16G],
pc portable lenovo ideapad 1 15iau7 i7 12è gén 12go 512g ssd - bleu,2049000.0, [BU-82QD00FYFG-12G-W11P],
pc portable lenovo ideapad 1 15iau7 i7 12è gén 16go 512g ssd - bleu,2079000.0, [BU-82QD00FYFG-16G-W11P],
pc portable lenovo thinkbook 16 g7 iml ultra 5 125u 8go 512go ssd - gris,2089000.0, [21MS000DFE],
pc portable dell latitude 3540 i5 13è gén 16go 256go ssd - gris,2089000.0, [3540-I5-256SSD-1Y-16G],
pc portable lenovo ideapad gaming 3 15ach6 amd ryzen 5 24go rtx 2050 - noir,2095000.0, [82K202B6FG-24G],
pc portable lenovo ideapad gaming 3 15ach6 amd ryzen 5 16 go rtx 2050,2099000.0, [BU-82K202B6FG-W11],
pc portable gamer asus tuf gaming a15 amd ryzen 5 8go rtx 2050,2099000.0, [FA506NF-HN005W],
pc portable asus vivobook 15 x1502va i7 13è gén 8go 512go ssd - silver,2099000.0, [X1502VA-NJ233W],
pc portable gamer lenovo loq 15irh8 i5 12è gén 8go rtx 2050,2099000.0, [82XV00UGFG],
pc portable hp probook 450 g9 i5 12è gén 8go 256go ssd - silver,2109000.0, [6Q843ES],
pc portable asus vivobook 15 x1502va i7 13è gén 12go 512go ssd - silver,2119000.0, [X1502VA-NJ233W-12G],
pc portable gamer msi thin gf63 12ucx i5 12è gén 8go rtx 2050,2129000.0, [GF63-12UCX-682XFR],
pc portable lenovo ideapad gaming 3 15ach6 amd ryzen 5 32go rtx 2050 - noir,2135000.0, [82K202B6FG-32G],
pc portable lenovo ideapad flex 5 14iau7 i5 12è gén 8go 512go ssd,2139000.0, [82R700K6FG],
pc portable asus vivobook 16 x1605va i7 13è gén 8go 512go ssd - silver,2139000.0, [X1605VA-MB472W],
pc portable hp probook 450 g9 i5 12è gén 12go 256go ssd - silver,2139000.0, [6Q843ES-12G],
pc portable gamer lenovo loq 15irh8 i5 12ème gén 8go rtx 2050,2149000.0, [82XV00UHFG],
pc portable hp 15-fd0021nk i7 13è gén 8go 512go ssd - silver & bleu,2149000.0, [886K6EA],
pc portable gamer msi thin gf63 12ucx i5 12è gén 12go rtx 2050,2149000.0, [GF63-12UCX-682XFR-12G],
pc portable dell latitude 3540 i5 13ème gén 8go 512go ssd - gris,2155000.0, [N032L354015EMEA],
pc portable gamer lenovo loq 15irh8 i5 12è gén 8go rtx 2050 - gris,2159000.0, [BU-82XV00UGFG-W11P],
pc portable lenovo ideapad gaming 3 15ach6 amd ryzen 5 24 go rtx 2050,2159000.0, [BU-82K202B6FG-24G-W11],
pc portable asus vivobook 15 x1502va i7 13è gén 16go 512go ssd - silver,2159000.0, [X1502VA-NJ233W-16G],
pc portable hp probook 450 g9 i5 12è gén 16go 256go ssd - silver,2169000.0, [6Q843ES-16G],
pc portable gamer lenovo loq 15irh8 i5 12è gén 16go rtx 2050,2175000.0, [82XV00UGFG-16G],
pc portable gamer msi thin gf63 12ucx i5 12è gén 16go rtx 2050,2179000.0, [GF63-12UCX-682XFR-16G],
pc portable gamer msi thin gf63 12ucx i5 12ème gén 8go rtx 2050,2185000.0, [BU-GF63-12UCX-682XFR-W11],
pc portable hp 15-fd0286nk i7 13è gén 8go 512go ssd - silver,2185000.0, [A2AQ2EA],
pc portable gamer asus vivobook 16x i5 12è gén 8go rtx 2050,2185000.0, [S3605ZF-N1342W],
pc portable hp pavilion x360 15-er1003nk i5 12è gén 8go 512go ssd - silver,2189000.0, [7J0J6EA],
pc portable hp probook 450 g10 i5 13è gén 8go 256go ssd - silver,2189000.0, [85D05EA],
pc portable lenovo ideapad gaming 3 15ach6 amd ryzen 5 32 go rtx 2050,2195000.0, [BU-82K202B6FG-32G-W11],
pc portable gamer asus tuf gaming a15 amd ryzen 5 16go rtx 2050,2195000.0, [FA506NF-HN005W-16G],
pc portable hp probook 450 g10 i5 13è gén 8g 256go ssd - silver,2199000.0, [BU-85D05EA-SAC],
pc portable asus vivobook 16 x1605va i7 13è gén 16go 512go ssd - silver,2199000.0, [X1605VA-MB472W-16G],
pc portable asus vivobook 15 x1502va i7 13è gén 24go 512go ssd - silver,2199000.0, [X1502VA-NJ233W-24G],
pc portable hp 15-fd0286nk i7 13è gén 12go 512go ssd - silver,2205000.0, [A2AQ2EA-12G],
pc portable gamer asus vivobook 16x i5 12è gén 12go rtx 2050,2205000.0, [S3605ZF-N1342W-12G],
pc portable gamer msi thin gf63 12ucx i5 12ème gén 12go rtx 2050,2209000.0, [BU-GF63-12UCX-682XFR-12G-W11],
pc portable dell latitude 3540 i5 13ème gén 16go 512go ssd - gris,2215000.0, [N032L354015EMEA-16G],
pc portable hp 15-fd0021nk i7 13è gén 16go 512go ssd - silver & bleu,2219000.0, [886K6EA-16G],
pc portable hp probook 450 g9 i5 12è gén 24go 256go ssd - silver,2219000.0, [6Q843ES-24G],
pc portable hp probook 450 g10 i5 13è gén 12go 256go ssd - silver,2225000.0, [85D05EA-12G],
pc portable gamer lenovo loq 15irh8 i5 12ème gén 16go rtx 2050,2225000.0, [82XV00UHFG-16G],
pc portable gamer msi thin gf63 12ucx i5 12è gén 24go rtx 2050,2229000.0, [GF63-12UCX-682XFR-24G],
pc portable gamer lenovo loq 15irh8 i5 12è gén 16go rtx 2050 - gris,2235000.0, [BU-82XV00UGFG-16G-W11P],
pc portable hp probook 450 g10 i5 13è gén 12g 256go ssd - silver,2235000.0, [BU-85D05EA-12G-SAC],
pc portable gamer msi thin gf63 12ucx i5 12ème gén 16go rtx 2050,2239000.0, [BU-GF63-12UCX-682XFR-16G-W11],
pc portable asus vivobook 16 x1605va i7 13è gén 24go 512go ssd - silver,2239000.0, [X1605VA-MB472W-24G],
pc portable gamer asus vivobook 16x i5 12è gén 16go rtx 2050,2239000.0, [S3605ZF-N1342W-16G],
pc portable hp 15-fd0286nk i7 13è gén 16go 512go ssd - silver,2245000.0, [A2AQ2EA-16G],
pc portable gamer lenovo loq 15irh8 i5 12è gén 24go rtx 2050,2245000.0, [82XV00UGFG-24G],
pc portable hp probook 450 g10 i5 13ème gén 8go 256go ssd - silver,2249000.0, [BU-85D05EA-W11P],
pc portable hp probook 450 g10 i5 13è gén 16go 256go ssd - silver,2249000.0, [85D05EA-16G],
pc portable hp probook 450 g10 i5 13è gén 16g 256go ssd - silver,2259000.0, [BU-85D05EA-16G-SAC],
pc portable asus vivobook 15 x1502va i9 13è gén 8go 512go ssd - silver,2259000.0, [X1502VA-NJ257W],
pc portable asus vivobook 15 x1502va i9 13è gén 8go 512go ssd - bleu,2259000.0, [X1502VA-NJ256W],
pc portable asus zenbook 14 amd ryzen 7 8go 512go ssd - gris,2269000.0, [UM425QA-KI165W],
pc portable asus expertbook b1 b1502 i7 13è gén 8go 512go ssd - noir,2269000.0, [B1502CVA-NJ1267],
pc portable hp pavilion x360 2-en-1 14-ek0001nk i5 12è gén 8go 256go ssd,2269000.0, [6E1D5EA],
pc portable hp 15-fd0286nk i7 13è gén 24go 512go ssd - silver,2275000.0, [A2AQ2EA-24G],
pc portable gamer lenovo loq 15iax9 i5 12è gén 16go rtx 2050,2259000.0, [83GS00AKFG],
pc portable gamer asus vivobook 16x i5 12è gén 24go rtx 2050,2279000.0, [S3605ZF-N1342W-24G],
pc portable asus vivobook 15 x1502va i9 13è gén 12go 512go ssd - bleu,2279000.0, [X1502VA-NJ256W-12G],
pc portable asus vivobook 15 x1502va i9 13è gén 12go 512go ssd - silver,2279000.0, [X1502VA-NJ257W-12G],
pc portable hp probook 450 g10 i5 13ème gén 12go 256go ssd - silver,2285000.0, [BU-85D05EA-12G-W11P],
pc portable gamer msi thin gf63 12ucx i5 12ème gén 24go rtx 2050,2289000.0, [BU-GF63-12UCX-682XFR-24G-W11],
pc portable gamer lenovo loq 15irh8 i5 12ème gén 24go rtx 2050,2289000.0, [82XV00UHFG-24G],
pc portable gamer msi thin gf63 12ucx i5 12è gén 32go rtx 2050,2289000.0, [GF63-12UCX-682XFR-32G],
pc portable gamer asus vivobook 16x i7 12è gén 8go rtx 2050,2299000.0, [S3605ZF-N1501W],
pc portable hp probook 440 g9 i5 12è gén 16go 512go ssd - silver,2299000.0, [6Q834ES-16G],
pc portable hp pavilion x360 2-in-1 14-ek1002nk i5 13è gén 8go 512go ssd - bleu,2299000.0, [873K2EA],
pc portable gamer asus tuf gaming a15 amd ryzen 5 24go rtx 2050,2299000.0, [FA506NF-HN005W-24G],
pc portable hp probook 450 g10 i5 13è gén 24go 256go ssd - silver,2299000.0, [85D05EA-24G],
pc portable gamer lenovo loq 15irh8 i5 12è gén 24go rtx 2050 - gris,2305000.0, [BU-82XV00UGFG-24G-W11P],
pc portable hp probook 450 g10 i5 13ème gén 16go 256go ssd - silver,2309000.0, [BU-85D05EA-16G-W11P],
pc portable hp probook 450 g10 i5 13è gén 24g 256go ssd - silver,2309000.0, [BU-85D05EA-24G-SAC],
pc portable asus vivobook 15 x1502va i9 13è gén 16go 512go ssd - silver,2309000.0, [X1502VA-NJ257W-16G],
pc portable asus vivobook 15 x1502va i9 13è gén 16go 512go ssd - bleu,2309000.0, [X1502VA-NJ256W-16G],
pc portable gamer lenovo loq 15irh8 i5 12è gén 32go rtx 2050,2315000.0, [82XV00UGFG-32G],
pc portable hp 15-fd0021nk i7 13è gén 32go 512go ssd - silver & bleu,2319000.0, [886K6EA-32G],
pc portable gamer asus tuf gaming a15 amd ryzen 7 8go rtx2050,2329000.0, [TUF507RF-HN030W-SIN],
pc portable hp probook 450 g10 i5 13è gén 32go 256go ssd - silver,2339000.0, [85D05EA-32G],
pc portable gamer asus vivobook 16x i7 12è gén 16go rtx 2050,2349000.0, [S3605ZF-N1501W-16G],
pc portable hp probook 450 g10 i5 13è gén 32g 256go ssd - silver,2349000.0, [BU-85D05EA-32G-SAC],
pc portable gamer msi thin gf63 12ucx i5 12ème gén 32go rtx 2050,2349000.0, [BU-GF63-12UCX-682XFR-32G-W11],
pc portable gamer asus tuf gaming a15 amd ryzen 7 8g rtx 2050,2359000.0, [FA506NFR-HN068W],
pc portable hp probook 450 g10 i5 13ème gén 24go 256go ssd - silver,2359000.0, [BU-85D05EA-24G-W11P],
pc portable gamer asus tuf gaming a15 amd ryzen 5 32go rtx 2050,2359000.0, [FA506NF-HN005W-32G],
pc portable asus vivobook 15 x1502va i9 13è gén 24go 512go ssd - silver,2359000.0, [X1502VA-NJ257W-24G],
pc portable asus vivobook 15 x1502va i9 13è gén 24go 512go ssd - bleu,2359000.0, [X1502VA-NJ256W-24G],
pc portable gamer lenovo loq 15irh8 i5 12ème gén 32go rtx 2050,2365000.0, [82XV00UHFG-32G],
pc portable hp 15-fd0127nk i7 13è gén 16go 1to ssd - silver,2369000.0, [A2AP9EA],
pc portable gamer lenovo loq 15irh8 i5 12è gén 32go rtx 2050 - gris,2375000.0, [BU-82XV00UGFG-32G-W11P],
pc portable asus expertbook b1 b1502 i7 13è gén 16go 512go ssd - noir,2399000.0, [B1502CVA-NJ2211],
pc portable gamer asus vivobook 16x i7 12è gén 24go rtx 2050,2399000.0, [S3605ZF-N1501W-24G],
pc portable hp probook 450 g10 i5 13ème gén 32go 256go ssd - silver,2399000.0, [BU-85D05EA-32G-W11P],
pc portable gamer asus tuf gaming a15 amd ryzen 7 8go rtx 2050,2399000.0, [TUF507RF-HN030W],
pc portable gamer msi thin gf63 12ucx i7 12è gén 8go rtx 2050,2399000.0, [GF63-12UCX-681XFR],
pc portable dell latitude 3530 i5 12è gén 12go 256go ssd,2409000.0, [3530-I5-256SSD-1Y-12G],
pc portable gamer msi thin gf63 12ucx i7 12è gén 12go rtx 2050,2419000.0, [GF63-12UCX-681XFR-12G],
pc portable asus expertbook b5 b5602 i5 12è gén 16go 512go ssd - noir,2429000.0, [B5602CBA-MB0776],
pc portable asus expertbook b1 b1502 i7 13è gén 24go 512go ssd - noir,2439000.0, [B1502CVA-NJ2211-24G],
pc portable lenovo thinkpad e14 gén 5 i5 13è gén 8go 512go ssd - noir,2449000.0, [21JK009YFE],
pc portable gamer lenovo loq 15irh8 i5 12è gén 8go rtx 3050,2449000.0, [82XV00UJFG],
pc portable gamer msi thin gf63 12ucx i7 12ème gén 8go rtx 2050,2459000.0, [BU-GF63-12UCX-681XFR-W11],
pc portable gamer msi thin gf63 12ucx i7 12è gén 16go rtx 2050,2465000.0, [GF63-12UCX-681XFR-16G],
pc portable gamer asus tuf gaming a15 amd ryzen 7 16go rtx 2050,2469000.0, [TUF507RF-HN030W-16G],
pc portable lenovo thinkpad e14 gén 5 i5 13è gén 12go 512go ssd - noir,2475000.0, [21JK009YFE-12G],
pc portable hp probook 450 g10 i5 13è gén 12g 512go ssd - silver,2479000.0, [85D08EA-12G-SIN],
pc portable gamer msi thin gf63 12ucx i7 12ème gén 12go rtx 2050,2479000.0, [BU-GF63-12UCX-681XFR-12G-W11],
pc portable asus expertbook b1 b1502cba i7 12ème gén 16go 512go ssd - noir,2485000.0, [B1502CBA-BQ0559X],
pc portable asus expertbook b1 b1502 i7 13è gén 32go 512go ssd - noir,2489000.0, [B1502CVA-NJ2211-32G],
pc portable asus vivobook 17 x1704va i7 13è gén 16go 512go ssd - silver,2499000.0, [X1704VA-AU232W],
pc portable gamer msi thin gf63 12ucx i7 12è gén 24go rtx 2050,2499000.0, [GF63-12UCX-681XFR-24G],
pc portable gamer dell g15 5530 i5 13è gén 16go rtx 3050,2505000.0, [G15-5530-I5-3Y],
pc portable lenovo thinkpad e14 gén 5 i5 13è gén 16go 512go ssd - noir,2509000.0, [21JK009YFE-16G],
pc portable gamer asus tuf gaming a15 amd ryzen 7 24go rtx 2050,2515000.0, [TUF507RF-HN030W-24G],
pc portable gamer msi thin gf63 12ucx i7 12ème gén 16go rtx 2050,2525000.0, [BU-GF63-12UCX-681XFR-16G-W11],
pc portable hp probook 450 g9 i5 12è gén 8go 512go ssd - silver,2535000.0, [5Y3T8EA],
pc portable lenovo thinkbook 16 g7 iml ultra 7 155h 8go 512go ssd - gris,2539000.0, [21MS0013FE],
pc portable asus vivobook 17 x1704va i7 13è gén 24go 512go ssd - silver,2555000.0, [X1704VA-AU232W-24G],
pc portable gamer msi thin gf63 12ucx i7 12ème gén 24g rtx 2050,2569000.0, [BU-GF63-12UCX-681XFR-24G-W11],
pc portable gamer msi thin gf63 12ucx i7 12è gén 32go rtx 2050,2569000.0, [GF63-12UCX-681XFR-32G],
pc portable gamer lenovo loq 15irh8 i5 12è gén 16go rtx 3050,2579000.0, [82XV00UJFG-16G],
pc portable gamer asus tuf gaming a15 amd ryzen 7 32go rtx 2050,2579000.0, [TUF507RF-HN030W-32G],
pc portable asus expertbook b1 b1502 i7 13è gén 48go 512go ssd - noir,2599000.0, [B1502CVA-NJ2211-48G],
pc portable gamer lenovo loq 15irx9 i5 13ème gén 16go rtx 3050,2599000.0, [83DV00JDFG],
pc portable gamer dell g15 5535 amd ryzen 5 16go rtx3050,2599000.0, [G15-5535-R5-16G],
pc portable gamer lenovo loq 15irh8 i5 12è gén 24go rtx 3050,2609000.0, [82XV00UJFG-24G],
pc portable gamer hp victus 15-fa1003nk i5 13è gén 16go rtx 3050,2619000.0, [845B2EA],
pc portable lenovo thinkpad e14 gén 4 i5 12è gén 16go 512go ssd - noir,2625000.0, [21E300ABFE-16G],
pc portable gamer msi thin gf63 12ucx i7 12ème gén 32go rtx 2050,2629000.0, [BU-GF63-12UCX-681XFR-32G-W11],
pc portable asus expertbook b5 b5602 i5 13è gén 16go 512go ssd - noir,2635000.0, [B5602CVA-MB0545],
pc portable lenovo ideapad gaming 3 15arh7 amd ryzen 5 8go rtx 4050,2639000.0, [82SB00SJFG],
pc portable dell vostro 5630 i5 13è gén 16go rtx 2050,2639000.0, [V5630-I5],
pc portable asus vivobook s14 flip i5 13è gén 8go 512go ssd - silver,2659000.0, [TP3402VA-LZ265W],
pc portable lenovo thinkpad e14 gén 4 i5 12è gén 24go 512go ssd - noir,2669000.0, [21E300ABFE-24G],
pc portable gamer lenovo loq 15irx9 i5 13ème gén 24go rtx 3050,2679000.0, [83DV00JDFG-24G],
pc portable gamer hp victus 15-fa1003nk i5 13è gén 24go rtx 3050,2679000.0, [845B2EA-24G],
pc portable gamer lenovo loq 15irh8 i5 12è gén 32go rtx 3050,2679000.0, [82XV00UJFG-32G],
pc portable lenovo thinkpad e16 gén 1 i5 13è gén 8g 512go ssd - noir,2685000.0, [21JN008QFE],
pc portable lenovo yoga mince 6 14iap8 i5 12è gén 8go 512g ssd - gris,2695000.0, [BU-82WU0098FG],
pc portable lenovo yoga mince 6 14iap8 i5 12è gén 8go 512go ssd - gris,2695000.0, [82WU0098FG],
pc portable lenovo thinkpad e14 gén 5 i5 13è gén 8go 512go ssd - noir,2699000.0, [21JK001TFE],
pc portable gamer msi thin gf63 12u i5 12è gén 8go rtx 3050,2699000.0, [GF63-12UDX-214XFR],
pc portable lenovo thinkpad e14 gén 5 i5 13è gén 8go 512g ssd - noir,2709000.0, [21JK008NFE],
pc portable lenovo yoga slim 6 14iap8 i5 12è gén 8go 512go ssd - gris,2725000.0, [82WU0068FG],
pc portable lenovo ideapad gaming 3 15arh7 amd ryzen 5 16go rtx 4050,2729000.0, [82SB00SJFG-16G],
pc portable gamer msi thin gf63 12u i5 12è gén 12go rtx 3050,2729000.0, [GF63-12UDX-214XFR-12G],
pc portable gamer hp victus 15-fa1003nk i5 13è gén 32go rtx 3050,2739000.0, [845B2EA-32G],
pc portable lenovo thinkpad e16 gén 1 i5 13è gén 16g 512go ssd - noir,2745000.0, [21JN008QFE-16G],
pc portable gamer msi thin gf63 12u i5 12è gén 8go rtx 3050 - noir,2759000.0, [BU-GF63-12UDX-214XFR-W11P],
pc portable lenovo thinkpad e14 gén 5 i5 13è gén 16g 512go ssd - noir,2759000.0, [21JK001TFE-16G],
pc portable gamer msi thin gf63 12u i5 12è gén 16go rtx 3050,2759000.0, [GF63-12UDX-214XFR-16G],
pc portable gamer lenovo loq 15irx9 i5 13ème gén 32go rtx 3050,2769000.0, [83DV00JDFG-32G],
pc portable lenovo thinkpad e16 gén 1 i5 13è gén 24g 512go ssd - noir,2785000.0, [21JN008QFE-24G],
pc portable gamer msi thin gf63 12u i5 12è gén 12go rtx 3050 - noir,2789000.0, [BU-GF63-12UDX-214XFR-12G-W11P],
pc portable gamer dell g15 5535 amd ryzen 5 32go rtx 3050,2789000.0, [G15-5535-R5-32G],
pc portable lenovo thinkpad e14 gén 5 i5 13è gén 24g 512go ssd - noir,2799000.0, [21JK001TFE-24G],
pc portable gamer msi thin gf63 12u i5 12è gén 24go rtx 3050,2815000.0, [GF63-12UDX-214XFR-24G],
pc portable gamer msi thin gf63 12u i5 12è gén 16go rtx 3050 - noir,2819000.0, [BU-GF63-12UDX-214XFR-16G-W11P],
pc portable dell latitude 5540 i5 13ème gén 8go 512go ssd - gris,2829000.0, [5540-I5-512SSD-1Y],
pc portable hp probook 450 g10 i7 13è gén 8go 512go ssd - silver,2839000.0, [85D06EA],
pc portable gamer msi thin gf63 12u i5 12è gén 32go rtx 3050,2869000.0, [GF63-12UDX-214XFR-32G],
pc portable gamer msi thin gf63 12u i5 12è gén 24go rtx 3050 - noir,2879000.0, [BU-GF63-12UDX-214XFR-24G-W11P],
pc portable dell latitude 5540 i5 13ème gén 16go 512go ssd - gris,2899000.0, [5540-I5-512SSD-1Y-16G],
pc portable gamer msi cyborg 15 a12ve i5 12è gén 8go rtx 4050,2899000.0, [15A12VE-463XFR],
pc portable gamer msi thin gf63 12u i7 12è gén 8go rtx 3050,2899000.0, [GF63-12UDX-213XFR],
pc portable lenovo ideapad gaming 3 15arh7 amd ryzen 5 32go rtx 4050,2919000.0, [82SB00SJFG-32G],
pc portable dell latitude 3540 i7 13ème gén 8g 512go ssd - gris,2919000.0, [3540-I7-512SSD-1Y],
pc portable dell latitude 5530 i5 12è gén 8go 256go ssd - gris,2925000.0, [5530-I5-256SSD-W11P-3Y],
pc portable gamer msi thin gf63 12u i5 12è gén 32go rtx 3050 - noir,2929000.0, [BU-GF63-12UDX-214XFR-32G-W11P],
pc portable gamer msi cyborg 15 a12ve i5 12è gén 8go rtx 4050,2959000.0, [BU-15A12VE-463XFR-W11P],
pc portable gamer msi thin gf63 12u i7 12ème gén 8go rtx 3050,2959000.0, [BU-GF63-12UDX-213XFR-W11P],
pc portable gamer msi cyborg 15 a12ve i5 12è gén 16go rtx 4050,2959000.0, [15A12VE-463XFR-16G],
pc portable gamer msi thin gf63 12u i7 12è gén 16go rtx 3050,2959000.0, [GF63-12UDX-213XFR-16G],
pc portable dell latitude 3540 i7 13è gén 16g 512go ssd - gris,2969000.0, [3540-I7-512SSD-1Y-16G],
pc portable hp envy x360 2-in-1 15-fe0002nk i5 13è gén 8go 512go ssd - silver,2969000.0, [845G9EA],
pc portable dell latitude 5540 i5 13è gén 8go 512go ssd - gris,2989000.0, [5540-I5-3Y],
pc portable gamer msi thin gf63 12u i7 12è gén 24go rtx 3050,2989000.0, [GF63-12UDX-213XFR-24G],
pc portable asus expertbook b5 flip i7 13è gén 16go 512go ssd - noir,2999000.0, [B5402FVA-KA0627],
pc portable msi prestige 15 i7 12ème gén 8go gtx 1650,2999000.0, [BU-9S7-16S811-033],
pc portable gamer msi katana 15 b12u i5 12è gén 8go rtx 3050,2999000.0, [B12UDXK-644XFR],
pc portable gamer lenovo loq 15aph8 amd ryzen 7 16go rtx 3050,2999000.0, [82XT00BVFG],
pc portable msi prestige 15 i7 12è gén 8go gtx 1650,2999000.0, [9S7-16S811-033],
pc portable asus vivobook s14 flip i7 13è gén 8g 512go ssd - silver,3009000.0, [TP3402VA-LZ264W-SIN],
pc portable lenovo thinkpad e14 gén 4 i7 12è gén 8g 512go ssd - noir,3009000.0, [BU-21E300AWFE],
pc portable lenovo thinkpad e14 gén 4 i7 12è gén 8go 512go ssd - noir,3009000.0, [21E300AWFE],
pc portable gamer msi cyborg 15 a12ve i5 12è gén 16go rtx 4050,3019000.0, [BU-15A12VE-463XFR-16G-W11P],
pc portable gamer msi thin gf63 12u i7 12ème gén 16go rtx 3050,3019000.0, [BU-GF63-12UDX-213XFR-16G-W11P],
pc portable gamer msi thin gf63 12u i7 12è gén 32go rtx 3050,3025000.0, [GF63-12UDX-213XFR-32G],
pc portable gamer msi katana 17 b12u i7 12è gén 16go rtx 2050,3035000.0, [B12UCXK-660XFR],
pc portable gamer msi thin gf63 12u i7 12ème gén 24go rtx 3050,3049000.0, [BU-GF63-12UDX-213XFR-24G-W11P],
pc portable dell latitude 5540 i5 13è gén 16go 512go ssd - gris,3059000.0, [5540-I5-3Y-16G],
pc portable asus vivobook s14 flip i7 13è gén 8go 512go ssd - silver,3059000.0, [TP3402VA-LZ264W],
pc portable gamer msi cyborg 15 a12ve i5 12è gén 24go rtx 4050,3065000.0, [15A12VE-463XFR-24G],
pc portable lenovo thinkpad e14 gén 4 i7 12è gén 16go 512g ssd - noir,3069000.0, [BU-21E300AWFE-16G],
pc portable lenovo thinkpad e14 gén 4 i7 12è gén 16g 512go ssd - noir,3069000.0, [21E300AWFE-16G],
pc portable gamer msi thin gf63 12vf i5 12è gén 16go rtx 4060,3079000.0, [GF63-12VF-414XFR],
pc portable gamer msi thin gf63 12u i7 12ème gén 32go rtx 3050,3085000.0, [BU-GF63-12UDX-213XFR-32G-W11P],
pc portable gamer lenovo loq 15aph8 amd ryzen 7 24go rtx 3050,3085000.0, [82XT00BVFG-24G],
pc portable hp elitebook 860 g9 i5 12è gén 8go 256go ssd - silver,3085000.0, [5P7W7ES],
pc portable gamer msi katana 15 b12u i5 12è gén 16go rtx 3050,3089000.0, [B12UDXK-644XFR-16G],
pc portable gamer asus tuf gaming a15 amd ryzen 5 8go rtx 4060,3099000.0, [TUF507NV-LP099W],
pc portable lenovo thinkpad e14 gén 4 i7 12è gén 24go 512g ssd - noir,3119000.0, [BU-21E300AWFE-24G],
pc portable lenovo thinkpad e14 gén 4 i7 12è gén 24g 512go ssd - noir,3119000.0, [21E300AWFE-24G],
pc portable gamer msi cyborg 15 a12ve i5 12ème gén 24go rtx 4050,3125000.0, [BU-15A12VE-463XFR-24G-W11P],
pc portable gamer msi cyborg 15 a12ve i5 12è gén 32go rtx 4050,3125000.0, [15A12VE-463XFR-32G],
pc portable lenovo thinkpad e16 gen 2 ultra 7 155h 16go 512go ssd - noir,3129000.0, [21MA001LFE],
pc portable gamer msi thin gf63 12vf i5 12è gén 16go rtx 4060,3139000.0, [BU-GF63-12VF-414XFR-W11P],
pc portable lenovo thinkpad e14 gen 5 i7 13è gén 8go 512go ssd - noir,3145000.0, [21JK001PFE],
pc portable gamer msi katana 17 b12u i5 12è gén 16go rtx 3050,3149000.0, [B12UDXK-421XFR-16G],
pc portable gamer gigabyte g5 kf5 i5 13è gén 16go rtx 4060,3159000.0, [G5KF5-I5],
pc portable gamer lenovo loq 15irx9 i7 13ème gén 16go rtx 3050,3159000.0, [83DV00JRFG],
pc portable gamer msi thin gf63 12vf i5 12è gén 24go rtx 4060,3159000.0, [GF63-12VF-414XFR-24G],
pc portable gamer lenovo loq 15aph8 amd ryzen 7 32go rtx 3050,3165000.0, [82XT00BVFG-32G],
pc portable gamer msi katana 15 b12u i5 12è gén 24go rtx 3050,3165000.0, [B12UDXK-644XFR-24G],
pc portable asus vivobook s14 flip i7 13è gén 24go 512go ssd - silver,3175000.0, [TP3402VA-LZ264W-24G],
pc portable gamer lenovo loq 15irx9 i7 13è gén 24go rtx 3050,3175000.0, [83DV00A2FG-24G],
pc portable gamer dell g15 5530 i7 13ème gén 16go rtx 3050,2979000.0, [G15-5530-I7-3Y-SIN],
pc portable gamer dell g15 5530 i7 13è gén 24go rtx 3050,3179000.0, [G15-5530-I7-24G],
pc portable gamer msi cyborg 15 a12ve i5 12ème gén 32go rtx 4050,3185000.0, [BU-15A12VE-463XFR-32G-W11P],
pc portable gamer asus tuf gaming a15 amd ryzen 5 16go rtx 4060,3195000.0, [TUF507NV-LP099W-16G],
pc portable lenovo thinkpad e16 gen 1 i7 13è gén 16go 512go ssd - noir,3199000.0, [21JN007VFE],
pc portable gamer gigabyte g5mf5 i7 13è gén 16go rtx 4050,3199000.0, [GIGABYTE-G5MF5-I7],
pc portable lenovo thinkpad e14 gen 5 i7 13è gén 16go 512go ssd - noir,3199000.0, [21JK001PFE-16G],
pc portable gamer msi thin gf63 12vf i5 12è gén 32go rtx 4060,3205000.0, [GF63-12VF-414XFR-32G],
pc portable gamer msi thin gf63 12vf i5 12è gén 24go rtx 4060,3219000.0, [BU-GF63-12VF-414XFR-24G-W11P],
pc portable gamer msi katana 15 b12u i5 12è gén 32go rtx 3050,3225000.0, [B12UDXK-644XFR-32G],
pc portable dell latitude 3540 i7 13è gén 8go 512go ssd - gris,3229000.0, [3540-I7-MX],
pc portable gamer lenovo loq 15irx9 i7 13ème gén 24go rtx 3050,3229000.0, [83DV00JRFG-24G],
pc portable gamer msi katana 17 b12u i5 12è gén 24go rtx 3050,3229000.0, [B12UDXK-421XFR-24G],
pc portable gamer gigabyte g5 kf5 i5 13è gén 24go rtx 4060,3239000.0, [G5KF5-I5-24G],
pc portable gamer lenovo loq 15irx9 i7 13è gén 32go rtx 3050,3245000.0, [83DV00A2FG-32G],
pc portable lenovo thinkpad e16 gen 1 i7 13ème gén 24go 512go ssd - noir,3255000.0, [21JN007VFE-24G],
pc portable lenovo thinkpad e14 gen 5 i7 13è gén 24go 512go ssd - noir,3259000.0, [21JK001PFE-24G],
pc portable gamer dell g15 5530 i7 13è gén 32go rtx 3050,3259000.0, [G15-5530-I7-32G],
pc portable gamer msi thin gf63 12vf i5 12ème gén 32g rtx 4060,3265000.0, [BU-GF63-12VF-414XFR-32G-W11P],
pc portable gamer gigabyte g5mf5 i7 13è gén 24go rtx 4050,3279000.0, [GIGABYTE-G5MF5-I7-24G],
pc portable gamer asus tuf gaming a15 amd ryzen 5 24go rtx 4060,3289000.0, [TUF507NV-LP099W-24G],
pc portable asus zenbook 14x oled i5 12è gén 8go 512go ssd - gris,3299000.0, [UX5401ZA-KN100W],
pc portable gamer msi katana 15 b12v i5 12è gén 8go rtx 4060,3299000.0, [B12VFK-639XFR],
pc portable gamer msi katana 17 b12u i5 12è gén 32go rtx 3050,3309000.0, [B12UDXK-421XFR-32G],
pc portable gamer lenovo loq 15irx9 i7 13ème gén 32go rtx 3050,3315000.0, [83DV00JRFG-32G],
pc portable gamer gigabyte g5 kf5 i5 13è gén 32go rtx 4060,3329000.0, [G5KF5-I5-32G],
apple macbook air m1 8go 256go ssd - gris,3339000.0, [MGN63FN-A],
pc portable gamer gigabyte g5mf5 i7 13è gén 32go rtx 4050,3349000.0, [GIGABYTE-G5MF5-I7-32G],
pc portable lenovo thinkpad l15 gén 3 i5 12è gén 8go 256go ssd - noir,3349000.0, [21C3002RFE],
pc portable gamer asus tuf gaming a15 amd ryzen 5 32go rtx 4060,3359000.0, [TUF507NV-LP099W-32G],
pc portable gamer msi katana 15 b12v i5 12è gén 16go rtx 4060,3375000.0, [B12VFK-639XFR-16G],
pc portable gamer msi katana 17 b12v i5 12è gén 16go rtx 4050,3379000.0, [B12VEK-419XFR-16G],
pc portable gamer lenovo loq 15irx9 i7 13è gén 16go rtx 4050,3399000.0, [83DV00A6FG],
pc portable lenovo thinkpad e16 gen 1 i7 13è gén 40go 512go ssd - noir,3399000.0, [21JN007VFE-40G],
pc portable gamer msi katana 17 b12u i7 12è gén 8go rtx 3050,3399000.0, [B12UDXK-420XFR],
pc portable gamer lenovo loq 15irh8 i7 13è gén 16go rtx 4050,3399000.0, [82XV00D4FG],
pc portable lenovo thinkpad l14 gen 5 amd ryzen 5 pro 8go 512go ssd - noir,3439000.0, [21L50005FE],
pc portable gamer lenovo loq 15irx9 i7 13ème gén 16go rtx 4050,3449000.0, [83DV00JUFG],
pc portable gamer asus tuf gaming f17 i7 12è gén 16go rtx 3050,3449000.0, [TUF707ZC4-HX016W],
pc portable gamer msi katana 15 b12v i5 12è gén 24go rtx 4060,3449000.0, [B12VFK-639XFR-24G],
pc portable gamer msi katana 17 b12u i7 12è gén 16go rtx 3050,3479000.0, [B12UDXK-420XFR-16G],
pc portable gamer asus tuf gaming f17 i7 12è gén 24go rtx 3050,3509000.0, [TUF707ZC4-HX016W-24G],
pc portable gamer msi katana 15 b12v i5 12è gén 32go rtx 4060,3519000.0, [B12VFK-639XFR-32G],
pc portable gamer gigabyte g5 kf5 i7 13è gén 16go rtx 4060,3555000.0, [GIGABYTE-G5KF5-I7],
pc portable gamer asus tuf gaming f17 i7 12è gén 32go rtx 3050,3559000.0, [TUF707ZC4-HX016W-32G],
pc portable gamer lenovo loq 15irh8 i7 13è gén 16go rtx 4050,3599000.0, [82XV00L8FG],
pc portable gamer gigabyte g5 kf5 i7 13è gén 24go rtx 4060,3645000.0, [GIGABYTE-G5KF5-I7-24G],
pc portable gamer gigabyte g5mf5 i7 13è gén 64go rtx 4050,3659000.0, [GIGABYTE-G5MF5-I7-64G],
pc portable asus expertbook b9 b9400 i7 12ème gén 16go 1to ssd - noir,3729000.0, [B9400CBA-KC0644],
pc portable gamer gigabyte g5 kf5 i7 13è gén 32go rtx 4060,3745000.0, [GIGABYTE-G5KF5-I7-32G],
pc portable hp elitebook 650 i5 13è gén 16go 512go ssd - silver,3759000.0, [9G2P6ET],
tablette pc portable huawei matebook e i7 12è gén 16g 512go ssd - gris,3789000.0, [BU-DIRACR-W7651T],
tablette pc portable huawei matebook e i7 12è gén 16go 512go ssd - gris,3789000.0, [DIRACR-W7651T],
pc portable dell latitude 5540 i7 13è gén 16go 512go ssd - gris,3829000.0, [5540-I7-3Y],
pc portable hp envy x360 2-in-1 15-fe0001nk i7 13è gén 16go 512go ssd - silver,3869000.0, [845J9EA],
pc portable dell latitude 5440 i7 13è gén 16go 512g ssd - gris,3899000.0, [5440-I7-512SSD-3Y],
pc portable dell latitude 5540 i7 13è gén 32go 512go ssd - gris,3989000.0, [5540-I7-3Y-32G],
pc portable gamer gigabyte g5 kf5 i7 13è gén 64go rtx 4060,3999000.0, [GIGABYTE-G5KF5-I7-64G],
pc portable asus expertbook b9 oled intel core 7 150u 16go 1to ssd - noir,3999000.0, [B9403CVAR-KM1095],
pc portable hp spectre x360 2-in-1 14-ef2003nk i5 13è gén 16go 512go ssd - noir,4155000.0, [845A1EA],
pc portable lenovo thinkpad t14 gen 4 i5 13è gén 16go 1to ssd - noir,4199000.0, [21HES2TL00],
pc portable gamer hp omen 16-k0010nk i5 12è gén 16go rtx 3060,4249000.0, [6U8Y3EA],
apple macbook air m2 (2022) 8go 256go ssd - silver,4329000.0, [MLXY3FN/A],
apple macbook air m2 (2022) 8go 256go ssd - minuit,4329000.0, [MLY33FN-A],
apple macbook air m2 (2022) 8go 256go ssd - gris sidéral,4335000.0, [MLXW3FN/A],
apple macbook air m2 (2022) 8go 256go ssd - lumière stellaire,4335000.0, [MLY13FN-A],
pc portable lenovo thinkpad t14 gen 4 i5 13è gén 16g 1to ssd - noir,4349000.0, [21HESCDE00],
pc portable gamer msi katana 17 b13v i7 13è gén 16go rtx 4060,4429000.0, [B13VFK-1043FR],
pc portable asus tuf gaming a16 advantage edition amd ryzen 9 16go 512go ssd,4539000.0, [FA617XS-N4085W],
apple macbook air m3 8go 256go ssd - silver,4589000.0, [MRXQ3FN/A],
apple macbook air m3 8go 256go ssd - gris sidéral,4589000.0, [MRXN3FN/A],
apple macbook air m3 8go 256go ssd - minuit,4589000.0, [MRXV3FN/A],
pc portable gamer msi katana 17 b13v i7 13è gén 32go rtx 4060,4609000.0, [B13VFK-1043FR-32G],
pc portable asus expertbook b9 oled i7 13è gén 16go 1to ssd - noir,4759000.0, [B9403CVA-KM0274],
pc portable hp envy 15-ep1144nf i5 11è gén 16go 512 go ssd,4785000.0, [601F2EA],
pc portable hp envy 15-ep0005nk i5 10è gén 16go 512go ssd,4889000.0, [455Y9EA],
pc portable gamer hp omen 16-n0007nk amd ryzen 7 16go rtx 3070ti,4929000.0, [6U8Y8EA],
pc portable hp envy x360 2-in-1 15-fe0000nk i7 13è gén 16go rtx 3050 - silver,4989000.0, [845N4EA],
pc portable asus tuf gaming f15 i7 13è gén 8go rtx 4070,4989000.0, [TUF507VI-LP089W],
pc portable asus tuf gaming a15 amd ryzen 9 8go rtx 4070,4995000.0, [TUF507UI-LP063W],
pc portable lenovo thinkpad l13 yoga gen 4 i7 13è gén 16go 512go ssd - noir,4999000.0, [21FJ0028FE],
pc portable gamer lenovo légion pro 5 16arx8 amd ryzen 7 16go rtx 4050,4999000.0, [82WM00CCFG],
pc portable gamer lenovo légion pro 5 16arx8 amd ryzen 7 24go rtx 4050,5075000.0, [82WM00CCFG-24G],
pc portable lenovo thinkpad t16 gen 1 i7 12è gén 32go 512go ssd - noir,5089000.0, [21BWS1H60Y-QWERTY],
pc portable asus zenbook s 13 oled ultra 7 155u 32go 1to ssd - gris,5119000.0, [UX5304MA-NQ039W],
pc portable gamer lenovo légion pro 5 16arx8 amd ryzen 7 32go rtx 4050,5139000.0, [82WM00CCFG-32G],
pc portable asus tuf gaming f15 i7 13è gén 32go rtx 4070,5229000.0, [TUF507VI-LP089W-32G],
pc portable gamer lenovo légion pro 5 16irx8 i7 13è gén 16go rtx 4060,5299000.0, [82WK00B9FG],
pc portable gamer lenovo légion 5 16irx9 i7 14è gén 16go rtx 4060,5385000.0, [83DG0067FG],
pc portable hp elitebook 840 g10 i7 13è gén 16go 512go ssd - silver,5399000.0, [96Z63ET],
pc portable lenovo thinkpad l13 yoga gen 4 i7 13è gén 32go 1to ssd - noir,5439000.0, [21FKS21400],
pc portable hp elitebook 860 g10 i7 13è gén 8go 256go ssd - silver,5449000.0, [8A3L2EA],
pc portable lenovo thinkpad t14s gen 4 i7 13è gén 32go 1to ssd - noir,5499000.0, [21F7S6KF00],
pc portable gamer lenovo légion 5 16irx9 i7 14è gén 16g rtx 4060,5499000.0, [BU-83DG0067FG],
pc portable asus tuf gaming f15 i7 13è gén 64go rtx 4070,5539000.0, [TUF507VI-LP089W-64G],
pc portable lenovo thinkpad l13 2-en-1 gen 5 ultra 7 165u 32go 1to ssd - noir,5549000.0, [21LNS0DK00],
apple macbook air m2 8go 512go ssd - lumière stellaire,5589000.0, [MLY23FN/A],
pc portable dell latitude 7450 ultra 7 165u 16go 512go ssd - gris,5599000.0, [LAT-7450-512],
apple macbook air m2 (2023) 8go 256go ssd - silver,5619000.0, [MQKR3FN/A],
apple macbook air m2 (2023) 8go 256go ssd - lumière stellaire,5629000.0, [MQKU3FN/A],
apple macbook air m2 8go 512go ssd - minuit,5779000.0, [MQKX3FN/A],
pc portable gamer gigabyte aorus 16x asg i7 14è gén 16go rtx 4070,5879000.0, [AORUS-16X-ASG-I7],
pc portable gamer asus rog strix g16 i9 14è gén 16go rtx 4060,6415000.0, [G614JVR-N4084W],
pc portable gamer lenovo légion 5 pro 16arh7h amd ryzen 9 16go rtx 3070ti,6439000.0, [82RG00AQFG],
pc portable gamer lenovo légion pro 5 16irx8 i7 13è gén 16go rtx 4070,6499000.0, [82WK00JYFG],
pc portable gamer lenovo légion pro 5 16irx9 i9 14è gén 32go rtx 4060,6929000.0, [83DF00D6FG],
pc portable gamer lenovo légion pro 5 16arx8 amd ryzen 9 16go rtx 4070,6999000.0, [82WM00CDFG],
pc portable gamer gigabyte aorus 16x asg i9 14è gén 32go rtx 4070,7059000.0, [AORUS-16X-ASG-I9],
apple macbook pro m3 (2023) 8go 512go ssd - gris sidéral,7129000.0, [MTL73FN/A],
pc portable gamer asus rog strix g16 i9 14è gén 32go rtx 4060,7249000.0, [G614JVR-N4165W],
pc portable dell latitude 7350 2-en-1 ultra 7 165u 16go 512go ssd - gris,7299000.0, [LAT-7350],
pc portable lenovo thinkpad x1 carbon gen 11 i7 13è gén 32go 1to ssd - noir,7299000.0, [21HNSH3Y00],
pc portable lenovo thinkpad x1 carbon gen 12 ultra 7 155u 32go 1to ssd – noir,7559000.0, [21KDS0K800],
pc portable gamer asus rog strix g16 i9 14è gén 32go rtx 4070,8119000.0, [G614JIR-N4063W],
apple macbook pro m3 pro 18go 512go ssd - silver,8779000.0, [MRX63FN/A],
apple macbook pro m3 pro 18go 512go ssd - noir sidéral,8779000.0, [MRX33FN/A],
pc portable dell latitude 7350 détachable ultra 7 164u 32go 512go ssd - bleu,9699000.0, [LAT-7350-TAB],
apple macbook pro m3 pro 18go 1to ssd - noir sidéral,10499000.0, [MRX43FN/A],
apple macbook pro m3 pro 18go 512go ssd - noir sidéral,10689000.0, [MRW13FN/A],
pc portable gamer asus rog zephyrus g16 ultra 9 185h 32go rtx 4080,11159000.0, [GU605MZ-QR092W],
