title,price,reference,description
Ecran ASUS ZenScreen LCD MB165B 15.6'' WXGA 60 Hz,"429,000 DT", [90LM0703-B01170],
Ecran Mobile LENOVO ThinkVision M15 15.6'' Full HD IPS 60Hz,"509,000 DT", [62CAUAT1WL],
PC Portable LENOVO IdeaPad 1 15IGL7 Intel Celeron N4020 4Go 256G SSD - Gris,"695,000 DT", [82V700D4FE],
PC Portable LENOVO V15 G2 IJL Intel Celeron N4500 8Go 256Go SSD - Noir,"719,000 DT", [82QY00PEFE],
PC Portable LENOVO V15 G4 AMN AMD Athlon 8Go 256Go SSD - Noir,"725,000 DT", [82YU0044FE],
PC Portable LENOVO V15 G4 AMN AMD Athlon 8G 256Go SSD - Noir,"729,000 DT", [BU-82YU0044FE],
PC Portable LENOVO IdeaPad 1 15AMN7 AMD Athlon 8Go 256Go SSD - Gris,"769,000 DT", [82VG00NYFG],
PC Portable LENOVO IdeaPad 1 15IGL7 Intel Celeron N4020 8G 256Go SSD - Bleu,"769,000 DT", [82V700EJFG],
PC Portable HP 15-fd0030nk Intel N100 4Go 256Go SSD - Gris,"769,000 DT", [886L5EA],
PC Portable LENOVO IdeaPad 1 15IGL7 Intel Celeron N4020 8Go 256Go SSD - Gris,"769,000 DT", [82V700EFFG],
PC Portable HP 15-fd0030nk Intel N100 4G 256Go SSD - Gris,"779,000 DT", [BU-886L5EA],
PC Portable LENOVO V15 G4 AMN AMD Athlon 8Go 256G SSD - Noir,"785,000 DT", [BU-82YU0044FE-W11P],
PC Portable HP 15-fd0038nk Intel N100 4Go 256Go SSD - Blanc,"789,000 DT", [9D6V7EA],
Ecran Mobile LENOVO ThinkVision M14 14'' FULL HD IPS 60Hz,"789,000 DT", [61DDUAT6EU],
PC Portable HP 15-fd0030nk Intel N100 8Go 256Go SSD - Gris,"789,000 DT", [886L5EA-8G],
PC Portable HP 15-fd0030nk Intel N100 8G 256Go SSD - Gris,"799,000 DT", [BU-886L5EA-8G],
PC Portable HP 15-fd0038nk Intel N100 8Go 256Go SSD - Blanc,"809,000 DT", [9D6V7EA-8G],
PC Portable HP 15-fd0030nk Intel N100 16G 256Go SSD - Gris,"839,000 DT", [BU-886L5EA-16G],
PC Portable HP 15-fd0038nk Intel N100 16Go 256Go SSD - Blanc,"849,000 DT", [9D6V7EA-16G],
Pc Portable HP 15-fc0021nk AMD RYZEN 3 4Go 256Go SSD - Silver,"869,000 DT", [886K1EA],
Pc Portable DELL Vostro 3520 i3 12è Gén 4Go 256Go SSD - Noir,"869,000 DT", [N4004PVNB3520],
Pc Portable DELL Vostro 3520 i3 12è Gén 4Go 256G SSD - Noir,"879,000 DT", [BU-N4004PVNB3520],
Pc Portable HP 15-fc0021nk AMD RYZEN 3 4G 256Go SSD - Silver,"879,000 DT", [BU-886K1EA],
PC Portable LENOVO IdeaPad 1 15AMN7 AMD RYZEN 3 8Go 256Go SSD - Gris,"879,000 DT", [82VG00DXFG],
Pc Portable DELL Vostro 3520 i3 12è Gén 8Go 256Go SSD - Noir,"885,000 DT", [N4004PVNB3520-8G],
,,,
,,,
Pc Portable DELL Vostro 3520 i3 12è Gén 8Go 256G SSD - Noir,"895,000 DT", [BU-N4004PVNB3520-8G],
PC Portable LENOVO IdeaPad 3 15IAU7 i3 12è Gén 4Go 256Go SSD - Gris,"899,000 DT", [82RK014XFG],
PC Portable LENOVO IdeaPad 1 15AMN7 AMD RYZEN 3 8Go 256Go SSD - Gris,"899,000 DT", [82VG00MHFG],
PC Portable LENOVO IdeaPad Slim 3 15AMN8 AMD RYZEN 3 8Go 256Go SSD - Gris,"899,000 DT", [82XQ00DMFG],
Pc Portable DELL Vostro 3520 i3 12ème Gén 4Go 256Go SSD - Noir,"919,000 DT", [VOSTRO-3520-I3-256SSD],
PC Portable LENOVO IdeaPad 3 15IAU7 i3 12ème Gén 8Go 256Go SSD - Gris,"919,000 DT", [82RK014XFG-8G],
Pc Portable DELL Vostro 3520 i3 12è Gén 12Go 256Go SSD - Noir,"919,000 DT", [N4004PVNB3520-12G],
Pc Portable DELL Vostro 3520 i3 12è Gén 12Go 256G SSD - Noir,"929,000 DT", [BU-N4004PVNB3520-12G],
Pc Portable DELL Vostro 3520 i3 12ème Gén 4Go 256Go SSD - Noir,"929,000 DT", [BU-N4004PVNB3520-W11],
PC Portable LENOVO IdeaPad 3 15IAU7 i3 12è Gén 12Go 256Go SSD - Gris,"939,000 DT", [82RK014XFG-12G],
Pc Portable DELL Vostro 3520 i3 12è Gén 16Go 256Go SSD - Noir,"939,000 DT", [N4004PVNB3520-16G],
Pc Portable DELL Vostro 3520 i3 12ème Gén 8Go 256Go SSD - Noir,"945,000 DT", [BU-N4004PVNB3520-8G-W11],
Pc Portable DELL Vostro 3520 i3 12è Gén 16Go 256G SSD - Noir,"949,000 DT", [BU-N4004PVNB3520-16G],
PC Portable LENOVO IdeaPad 3 15ITL6 i3 11è Gén 12Go 256G SSD - Sable,"949,000 DT", [82H802CTFG-12G],
PC Portable LENOVO IdeaPad 1 15IAU7 i3 12ème Gén 8Go 256Go SSD - Gris,"949,000 DT", [82QD00E2FE],
Pc Portable DELL Vostro 3520 i3 12è Gén 20Go 256Go SSD - Noir,"965,000 DT", [N4004PVNB3520-20G],
PC Portable LENOVO IdeaPad 1 15AMN7 AMD RYZEN 3 8Go 512Go SSD - Gris,"969,000 DT", [82VG00P0FG],
PC Portable LENOVO IdeaPad 1 15IAU7 i3 12ème Gén 12Go 256Go SSD - Gris,"969,000 DT", [82QD00E2FE-12G],
Pc Portable DELL Vostro 3520 i3 12è Gén 20Go 256G SSD - Noir,"979,000 DT", [BU-N4004PVNB3520-20G],
Pc Portable DELL Vostro 3520 i3 12ème Gén 12Go 256Go SSD - Noir,"979,000 DT", [BU-N4004PVNB3520-12G-W11],
PC Portable LENOVO IdeaPad 3 15IAU7 i3 12è Gén 20Go 256Go SSD - Gris,"999,000 DT", [82RK014XFG-20G],
Pc Portable DELL Vostro 3520 i3 12ème Gén 16Go 256Go SSD - Noir,"999,000 DT", [BU-N4004PVNB3520-16G-W11],
Pc Portable DELL Vostro 3520 i3 12è Gén 8Go 512Go SSD - Noir,"999,000 DT", [V3520-I3-512SSD],
Pc Portable HP 15-fc0020nk AMD RYZEN 3 4Go 256Go SSD - Silver & Bleu,"999,000 DT", [886K0EA],
PC Portable LENOVO V15 G3 IAP i3 12è Gén 4Go 256Go SSD - Noir,"999,000 DT", [82TT00J2FE],
,,,
,,,
PC Portable LENOVO IdeaPad 1 15IAU7 i3 12ème Gén 8G 256G SSD - Gris,"1 009,000 DT", [BU-82QD00E2FE-W11P],
PC Portable LENOVO IdeaPad 1 15IAU7 i3 12ème Gén 4Go 256Go SSD - Bleu,"1 015,000 DT", [82QD00AQFE],
PC Portable LENOVO V15 G3 IAP i3 12è Gén 8Go 256Go SSD - Noir,"1 015,000 DT", [82TT00J2FE-8G],
PC Portable LENOVO IdeaPad 3 15IAU7 i3 12ème Gén 8Go 512Go SSD - Gris,"1 019,000 DT", [82RK016YFG],
PC Portable LENOVO IdeaPad 3 15IAU7 i3 12ème Gén 8Go 512Go SSD - Bleu,"1 019,000 DT", [82RK017AFG],
PC Portable LENOVO IdeaPad 1 15IAU7 i3 12ème Gén 8Go 512Go SSD - Gris,"1 019,000 DT", [82QD00G1FG],
Pc Portable DELL Vostro 3520 i3 12è Gén 12Go 512Go SSD - Noir,"1 019,000 DT", [V3520-I3-512SSD-12G],
Pc Portable DELL Vostro 3520 i3 12ème Gén 20Go 256Go SSD - Noir,"1 025,000 DT", [BU-N4004PVNB3520-20G-W11],
PC Portable LENOVO IdeaPad 1 15IAU7 i3 12ème Gén 12G 256G SSD - Gris,"1 029,000 DT", [BU-82QD00E2FE-12G-W11P],
PC Portable LENOVO IdeaPad 1 15IAU7 i3 12ème Gén 16Go 256Go SSD - Gris,"1 029,000 DT", [82QD00E2FE-16G],
PC Portable LENOVO IdeaPad Slim 3 15IRU8 i3 13è Gén 8Go 256Go SSD - Gris,"1 029,000 DT", [82X7009RFG],
PC Portable LENOVO IdeaPad 1 15IAU7 i3 12ème Gén 12Go 512Go SSD - Gris,"1 039,000 DT", [82QD00G1FG-12G],
PC Portable LENOVO IdeaPad 1 15IAU7 i3 12è Gén 8Go 256Go SSD - Bleu,"1 045,000 DT", [82QD00AQFE-8G],
Pc Portable DELL Vostro 3520 i3 12è Gén 16Go 512Go SSD - Noir,"1 049,000 DT", [V3520-I3-512SSD-16G],
PC Portable ASUS Vivobook 15 X1504VA i3 13è Gén 4Go 256Go SSD - Silver,"1 049,000 DT", [X1504VA-NJ520W],
PC Portable ASUS Vivobook 15 X1504VA i3 13è Gén 4Go 256Go SSD - Bleu,"1 049,000 DT", [X1504VA-NJ519W],
PC Portable LENOVO IdeaPad 1 15IAU7 i3 12è Gén 8Go 256Go SSD - Gris,"1 049,000 DT", [82QD00C2FG],
PC Portable LENOVO V15 G3 IAP i3 12ème Gén 12Go 256Go SSD - Noir,"1 055,000 DT", [82TT00J2FE-12G],
PC Portable ASUS Vivobook 15 X1504VA i3 13è Gén 8Go 256G SSD - Silver,"1 069,000 DT", [X1504VA-NJ432W],
PC Portable ASUS Vivobook 15 X1504VA i3 13è Gén 8Go 256G SSD - Bleu,"1 069,000 DT", [X1504VA-NJ480W],
PC Portable ASUS Vivobook 15 X1504VA i3 13è Gén 8Go 256Go SSD - Silver,"1 069,000 DT", [X1504VA-NJ520W-8G],
PC Portable ASUS Vivobook 15 X1504VA i3 13è Gén 8Go 256Go SSD - Bleu,"1 069,000 DT", [X1504VA-NJ519W-8G],
PC Portable LENOVO IdeaPad 1 15IAU7 i3 12è Gén 12Go 256Go SSD - Bleu,"1 075,000 DT", [82QD00AQFE-12G],
PC Portable LENOVO IdeaPad 1 15IAU7 i3 12ème Gén 16Go 512Go SSD - Gris,"1 079,000 DT", [82QD00G1FG-16G],
PC Portable LENOVO IdeaPad 1 15IAU7 i3 12è Gén 12Go 256Go SSD - Gris,"1 079,000 DT", [82QD00C2FG-12G],
,,,
,,,
PC Portable ASUS Vivobook 15 X1504VA i3 13è Gén 12Go 256G SSD - Silver,"1 089,000 DT", [X1504VA-NJ432W-12G],
PC Portable LENOVO IdeaPad 1 15IAU7 i3 12ème Gén 16G 256G SSD - Gris,"1 089,000 DT", [BU-82QD00E2FE-16G-W11P],
PC Portable ASUS Vivobook 15 X1504VA i3 13è Gén 12Go 256G SSD - Bleu,"1 089,000 DT", [X1504VA-NJ480W-12G],
PC Portable LENOVO V15 G3 IAP i3 12è Gén 20Go 256Go SSD - Noir,"1 095,000 DT", [82TT00J2FE-20G],
Pc Portable DELL Vostro 3520 i3 12è Gén 24Go 512Go SSD - Noir,"1 095,000 DT", [V3520-I3-512SSD-24G],
PC Portable ASUS ExpertBook B2 B2502C i3 12è Gén 8Go 512Go SSD - Noir,"1 109,000 DT", [B2502CBA-KJ1662],
Pc Portable DELL Vostro 3530 i3 13è Gén 8Go 256Go SSD - Noir,"1 109,000 DT", [VOSTRO-3530-I3-256SSD],
Pc Portable HP 15-fd0060nk I3-N305 8Go 256Go SSD - Silver,"1 109,000 DT", [A2AP4EA],
Pc Portable HP 15-fd0057nk I3-N305 8Go 256Go SSD - Silver & Bleu,"1 109,000 DT", [A2AP3EA],
Pc Portable HP 15-fd0056nk I3-N305 8Go 256Go SSD - Silver & Or Chaud,"1 109,000 DT", [A2AP2EA],
PC Portable ASUS Vivobook 15 X1504VA i3 13è Gén 12Go 256Go SSD - Silver,"1 109,000 DT", [X1504VA-NJ520W-12G],
PC Portable ASUS Vivobook 15 X1504VA i3 13è Gén 12Go 256Go SSD - Bleu,"1 109,000 DT", [X1504VA-NJ519W-12G],
PC Portable LENOVO IdeaPad 1 15IAU7 i3 12è Gén 16Go 256Go SSD - Gris,"1 109,000 DT", [82QD00C2FG-16G],
PC Portable LENOVO IdeaPad 1 15IAU7 i3 12è Gén 20Go 256Go SSD - Bleu,"1 119,000 DT", [82QD00AQFE-20G],
PC Portable ASUS Vivobook 15 X1504VA i3 13è Gén 16Go 256G SSD - Silver,"1 129,000 DT", [X1504VA-NJ432W-16G],
PC Portable ASUS Vivobook 15 X1504VA i3 13è Gén 16Go 256G SSD - Bleu,"1 129,000 DT", [X1504VA-NJ480W-16G],
PC Portable ASUS Chromebook CX1 Pentium Silver N6000 8Go 32Go eMMC - Silver,"1 129,000 DT", [CX1500CKA-EJ0021],
Pc Portable HP 15-fc0030nk AMD RYZEN 3 8Go 512Go SSD - Silver & Or Chaud,"1 129,000 DT", [A2AN7EA],
PC Portable LENOVO IdeaPad Slim 3 15IRU8 i3 13è Gén 8G 256Go SSD - Gris,"1 129,000 DT", [BU-82X7009RFG-W11P],
PC Portable ASUS ExpertBook B2 B2502C i3 12è Gén 12Go 512Go SSD - Noir,"1 139,000 DT", [B2502CBA-KJ1662-12G],
Pc Portable DELL Vostro 3520 i3 12è Gén 32Go 512Go SSD - Noir,"1 149,000 DT", [V3520-I3-512SSD-32G],
PC Portable ASUS Vivobook 15 X1504VA i3 13è Gén 20Go 256Go SSD - Silver,"1 149,000 DT", [X1504VA-NJ520W-20G],
PC Portable ASUS Vivobook 15 X1504VA i3 13è Gén 20Go 256Go SSD - Bleu,"1 149,000 DT", [X1504VA-NJ519W-20G],
PC Portable LENOVO IdeaPad 3 15ITL6 i3 11è Gén 8Go 256Go SSD - Gris,"1 149,000 DT", [82H802B0FE-8G],
Pc Portable HP 15-fd0060nk I3-N305 16Go 256Go SSD - Silver,"1 159,000 DT", [A2AP4EA-16G],
,,,
,,,
Pc Portable HP 15-fd0057nk I3-N305 16Go 256Go SSD - Silver & Bleu,"1 159,000 DT", [A2AP3EA-16G],
Pc Portable HP 15-fd0056nk I3-N305 16Go 256Go SSD - Silver & Or Chaud,"1 159,000 DT", [A2AP2EA-16G],
PC Portable LENOVO IdeaPad 1 15IAU7 i3 12è Gén 24Go 256Go SSD - Gris,"1 165,000 DT", [82QD00C2FG-24G],
PC Portable ASUS Vivobook 15 X1504VA i3 13è Gén 24Go 256G SSD - Silver,"1 169,000 DT", [X1504VA-NJ432W-24G],
PC Portable ASUS Vivobook 15 X1504VA i3 13è Gén 24Go 256G SSD - Bleu,"1 169,000 DT", [X1504VA-NJ480W-24G],
Pc Portable HP 15-fd0056nk I3-N305 8G 256Go SSD - Silver & Or Chaud,"1 169,000 DT", [BU-A2AP2EA],
Pc Portable HP 15-fd0057nk I3-N305 8G 256Go SSD - Silver & Bleu,"1 169,000 DT", [BU-A2AP3EA],
Pc Portable HP 15-fd0060nk I3-N305 8G 256Go SSD - Silver,"1 169,000 DT", [BU-A2AP4EA],
Pc Portable HP 15-fd0055nk I3-N305 8Go 512Go SSD - Noir,"1 169,000 DT", [A2AP1EA],
Pc Portable HP 15-fd0053nk I3-N305 8Go 512Go SSD - Silver ,"1 169,000 DT", [A2AP0EA],
Pc Portable HP 15-fd0051nk I3-N305 8Go 512Go SSD - Silver & Or Chaud,"1 169,000 DT", [A2AN9EA],
PC Portable ASUS ExpertBook B2 B2502C i3 12è Gén 16Go 512Go SSD - Noir,"1 179,000 DT", [B2502CBA-KJ1662-16G],
Pc Portable HP 15-fd0056nk I3-N305 16G 256Go SSD - Silver & Or Chaud,"1 219,000 DT", [BU-A2AP2EA-16G],
Pc Portable HP 15-fd0057nk I3-N305 16G 256Go SSD - Silver & Bleu,"1 219,000 DT", [BU-A2AP3EA-16G],
Pc Portable HP 15-fd0060nk I3-N305 16G 256Go SSD - Silver,"1 219,000 DT", [BU-A2AP4EA-16G],
PC Portable ASUS ExpertBook B2 B2502C i3 12è Gén 24Go 512Go SSD - Noir,"1 229,000 DT", [B2502CBA-KJ1662-24G],
Pc Portable HP 15-fd0055nk I3-N305 8G 512Go SSD - Noir,"1 229,000 DT", [BU-A2AP1EA],
Pc Portable HP 15-fd0051nk I3-N305 16Go 512Go SSD - Silver & Or Chaud,"1 229,000 DT", [A2AN9EA-16G],
Pc Portable HP 15-fd0055nk I3-N305 16Go 512Go SSD - Noir,"1 229,000 DT", [A2AP1EA-16G],
Pc Portable HP 15-fd0053nk I3-N305 16Go 512Go SSD - Silver ,"1 229,000 DT", [A2AP0EA-16G],
Pc Portable DELL Vostro 3520 i5 12ème Gén 4G 256Go SSD - Noir,"1 239,000 DT", [633640-3520],
PC Portable LENOVO V15 G4 AMN AMD RYZEN 5 8Go 512Go SSD - Noir,"1 239,000 DT", [82YU00CUFE],
Pc Portable DELL Vostro 3520 i5 12ème Gén 8G 256Go SSD - Noir,"1 279,000 DT", [633640-3520-8G],
PC Portable HP 15-fc0018nk AMD RYZEN 3 8Go 512Go SSD - Silver & Bleu,"1 285,000 DT", [886J8EA],
Pc Portable HP 15-fd0055nk I3-N305 16G 512Go SSD - Noir,"1 289,000 DT", [BU-A2AP1EA-16G],
,,,
,,,
Pc Portable DELL Vostro 3520 i5 12è Gén 8Go 512Go SSD - Noir,"1 299,000 DT", [V3520-I5-512SSD],
PC Portable LENOVO IdeaPad 1 15ALC7 AMD RYZEN 5 8Go 512Go SSD - Bleu,"1 299,000 DT", [82R400F7FG],
PC Portable LENOVO IdeaPad Slim 3 15AMN8 AMD RYZEN 5 8Go 512Go SSD - Gris,"1 309,000 DT", [82XQ00DLFG],
Pc Portable DELL Vostro 3520 i5 12ème Gén 12Go 256G SSD - Noir,"1 315,000 DT", [633640-3520-12G],
Pc Portable DELL Vostro 3520 i5 12ème Gén 12Go 512Go SSD - Noir,"1 319,000 DT", [V3520-I5-512SSD-12G],
PC Portable HP 15-fc0019nk AMD RYZEN 3 8Go 512Go SSD - Silver,"1 319,000 DT", [886J9EA],
PC Portable LENOVO IdeaPad 1 15ALC7 AMD RYZEN 5 12Go 512Go SSD - Bleu,"1 319,000 DT", [82R400F7FG-12G],
PC Portable LENOVO IdeaPad 1 15ALC7 AMD RYZEN 5 16Go 512Go SSD - Bleu,"1 355,000 DT", [82R400F7FG-16G],
Pc Portable DELL Vostro 3520 i5 12ème Gén 16Go 512Go SSD - Noir,"1 359,000 DT", [V3520-I5-512SSD-16G],
Pc Portable DELL Vostro 3520 i5 12ème Gén 20Go 256Go SSD - Noir,"1 365,000 DT", [BU-N4005PVNB3520-20G],
Pc Portable DELL Vostro 3520 i5 12ème Gén 20G 256Go SSD - Noir,"1 389,000 DT", [633640-3520-20G],
PC Portable LENOVO IdeaPad 1 15AMN7 AMD RYZEN 5 16Go 512Go SSD - Gris,"1 389,000 DT", [82VG00NXFG],
Pc Portable DELL Vostro 3520 i5 12ème Gén 24Go 512Go SSD - Noir,"1 399,000 DT", [V3520-I5-512SSD-24G],
PC Portable LENOVO IdeaPad 1 15ALC7 AMD RYZEN 5 24Go 512Go SSD - Bleu,"1 399,000 DT", [82R400F7FG-24G],
Pc Portable DELL Vostro 3520 i5 12è Gén 20Go 256G SSD - Noir,"1 415,000 DT", [BU-N4005PVNB3520-20G-W11],
PC Portable LENOVO V15 G4 IRU i5 13è Gén 8Go 256Go SSD - Noir,"1 445,000 DT", [83A1009DFE],
PC Portable LENOVO ThinkBook 16 G6 IRL i3 13è Gén 8Go 512Go SSD - Gris,"1 449,000 DT", [21KH00SPFE],
PC Portable LENOVO IdeaPad 3 15ALC6 AMD RYZEN 7 8G 512Go SSD - Gris,"1 465,000 DT", [82KU00H4FE],
PC Portable HP 15-fd0267nk i5 13è Gén 8Go 256Go SSD - Gris,"1 469,000 DT", [A2AQ0EA],
PC Portable LENOVO IdeaPad Slim 3 15IAH8 i5 12è Gén 8G 512Go SSD - Gris,"1 469,000 DT", [83ER00DUFG],
PC Portable LENOVO IdeaPad 3 15IAU7 i5 12è Gén 8Go 512G SSD - Bleu,"1 469,000 DT", [82RK0174FG],
PC Portable LENOVO IdeaPad 3 15ALC6 AMD RYZEN 7 12G 512Go SSD - Gris,"1 495,000 DT", [82KU00H4FE-12G],
PC Portable LENOVO V15 G4 IRU i5 13è Gén 16Go 256Go SSD - Noir,"1 499,000 DT", [83A1009DFE-16G],
PC Portable LENOVO V15 G4 IRU i5 13è Gén 8G 256Go SSD - Noir,"1 505,000 DT", [BU-83A1009DFE-W11P],
,,,
,,,
PC Portable LENOVO IdeaPad Slim 3 15IAH8 i5 12è Gén 8Go 512G SSD - Gris,"1 529,000 DT", [BU-83ER00DUFG-W11P],
PC Portable LENOVO IdeaPad Slim 3 15IRH8 i5 13è Gén 8Go 512G SSD - Gris,"1 529,000 DT", [83EM008TFG],
PC Portable LENOVO IdeaPad Slim 3 15IRH8 i5 13è Gén 8Go 512Go SSD - Gris,"1 529,000 DT", [83EM0061FG],
PC Portable LENOVO V15 G4 IRU i5 13è Gén 8Go 512Go SSD - Noir,"1 535,000 DT", [83A1009HFE],
PC Portable LENOVO IdeaPad 3 15ALC6 AMD RYZEN 7 20G 512Go SSD - Gris,"1 539,000 DT", [82KU00H4FE-20G],
PC Portable LENOVO V15 G4 IRU i5 13è Gén 24Go 256Go SSD - Noir,"1 549,000 DT", [83A1009DFE-24G],
PC Portable LENOVO V15 G4 IRU i5 13è Gén 16G 256Go SSD - Noir,"1 559,000 DT", [BU-83A1009DFE-16G-W11P],
PC Portable LENOVO V15 G4 IRU i5 13è Gén 12Go 512Go SSD - Noir,"1 565,000 DT", [83A1009HFE-12G],
PC Portable ASUS Vivobook 15 X1502VA i5 13è Gén 8Go 512Go SSD - Silver,"1 589,000 DT", [X1502VA-NJ231W],
PC Portable ASUS Vivobook 15 X1502VA i5 13è Gén 8Go 512Go SSD - Bleu,"1 589,000 DT", [X1502VA-NJ147W],
PC Portable LENOVO V15 G4 IRU i5 13è Gén 8Go 512G SSD - Noir,"1 595,000 DT", [BU-83A1009HFE-W11P],
PC Portable LENOVO V15 G4 IRU i5 13è Gén 16Go 512Go SSD - Noir,"1 605,000 DT", [83A1009HFE-16G],
PC Portable ASUS Vivobook 15 X1502VA i5 13è Gén 12Go 512Go SSD - Silver,"1 609,000 DT", [X1502VA-NJ231W-12G],
PC Portable LENOVO V15 G4 IRU i5 13è Gén 24G 256Go SSD - Noir,"1 609,000 DT", [BU-83A1009DFE-24G-W11P],
PC Portable ASUS Vivobook 15 X1502VA i5 13è Gén 12Go 512Go SSD - Bleu,"1 609,000 DT", [X1502VA-NJ147W-12G],
PC Portable HP 15-fd0097nk i5 13è Gén 8Go 512Go SSD - Noir,"1 619,000 DT", [A2AP8EA],
PC Portable HP 15-fd0094nk i5 13è Gén 8Go 512Go SSD - Silver & Bleu,"1 619,000 DT", [A2AP5EA],
PC Portable HP 15-fd0093nk i5 13è Gén 8Go 512Go SSD - Silver & Or Chaud,"1 619,000 DT", [A2AP6EA],
PC Portable HP 15-fd0095nk i5 13è Gén 8Go 512Go SSD - Silver,"1 619,000 DT", [A2AP7EA],
PC Portable LENOVO V15 G4 IRU i5 13è Gén 12G 512Go SSD - Noir,"1 625,000 DT", [BU-83A1009HFE-12G-W11P],
PC Portable HP 15-fd0095nk i5 13è Gén 12Go 512Go SSD - Silver,"1 635,000 DT", [A2AP7EA-12G],
PC Portable HP 15-fd0093nk i5 13è Gén 12Go 512Go SSD - Silver & Or Chaud,"1 635,000 DT", [A2AP6EA-12G],
PC Portable HP 15-fd0094nk i5 13è Gén 12Go 512Go SSD - Silver & Bleu,"1 635,000 DT", [A2AP5EA-12G],
PC Portable HP 15-fd0097nk i5 13è Gén 12Go 512Go SSD - Noir,"1 635,000 DT", [A2AP8EA-12G],
PC Portable ASUS Vivobook 16 X1605VA i5 13è Gén 8Go 512Go SSD - Silver,"1 639,000 DT", [X1605VA-MB475W],
,,,
,,,
PC Portable ASUS Vivobook 15 X1502VA i5 13è Gén 16Go 512Go SSD - Bleu,"1 639,000 DT", [X1502VA-NJ147W-16G],
PC Portable ASUS Vivobook 15 X1502VA i5 13è Gén 16Go 512Go SSD - Silver,"1 645,000 DT", [X1502VA-NJ231W-16G],
PC Portable LENOVO V15 G4 IRU i5 13è Gén 24Go 512Go SSD - Noir,"1 645,000 DT", [83A1009HFE-24G],
PC Portable HP 15-fd0041nk i5 13è Gén 8Go 512Go SSD - Silver & Bleu,"1 659,000 DT", [9D6V9EA],
PC Portable HP 15-fd0042nk i5 13è Gén 8Go 512Go SSD - Silver,"1 659,000 DT", [9D6W0EA],
PC Portable HP 15-fd0048nk i5 13è Gén 8Go 512Go SSD - Silver & Or Chaud,"1 659,000 DT", [9D6W1EA],
PC Portable ASUS Vivobook 16 X1605VA i5 13è Gén 12Go 512Go SSD - Silver,"1 659,000 DT", [X1605VA-MB475W-12G],
PC Portable LENOVO V15 G4 IRU i5 13è Gén 16Go 512G SSD - Noir,"1 665,000 DT", [BU-83A1009HFE-16G-W11P],
PC Portable HP 15-fd0095nk i5 13è Gén 16Go 512Go SSD - Silver,"1 669,000 DT", [A2AP7EA-16G],
PC Portable HP 15-fd0093nk i5 13è Gén 16Go 512Go SSD - Silver & Or Chaud,"1 669,000 DT", [A2AP6EA-16G],
PC Portable HP 15-fd0094nk i5 13è Gén 16Go 512Go SSD - Silver & Bleu,"1 669,000 DT", [A2AP5EA-16G],
PC Portable HP 15-fd0097nk i5 13è Gén 16Go 512Go SSD - Noir,"1 669,000 DT", [A2AP8EA-16G],
PC Portable HP 15-fd0041nk i5 13è Gén 12Go 512Go SSD - Silver & Bleu,"1 679,000 DT", [9D6V9EA-12G],
PC Portable HP 15-fd0042nk i5 13è Gén 12Go 512Go SSD - Silver,"1 679,000 DT", [9D6W0EA-12G],
PC Portable HP 15-fd0048nk i5 13è Gén 12Go 512Go SSD - Silver & Or Chaud,"1 679,000 DT", [9D6W1EA-12G],
PC Portable HP 15-fd0093nk i5 13ème Gén 8Go 512Go SSD - Silver & Or Chaud,"1 679,000 DT", [BU-A2AP6EA],
PC Portable HP 15-fd0095nk i5 13è Gén 8G 512Go SSD - Silver,"1 679,000 DT", [BU-A2AP7EA],
PC Portable HP 15-fd0094nk i5 13ème Gén 8Go 512Go SSD - Silver & Bleu,"1 679,000 DT", [BU-A2AP5EA],
PC Portable HP 15-fd0097nk i5 13è Gén 8G 512Go SSD - Noir,"1 679,000 DT", [BU-A2AP8EA],
PC Portable ASUS Vivobook 15 X1502VA i5 13è Gén 24Go 512Go SSD - Bleu,"1 679,000 DT", [X1502VA-NJ147W-24G],
PC Portable ASUS Vivobook 15 X1502VA i5 13è Gén 24Go 512Go SSD - Silver,"1 685,000 DT", [X1502VA-NJ231W-24G],
PC Portable HP 15-fd0093nk i5 13ème Gén 12Go 512Go SSD - Silver & Or Chaud,"1 695,000 DT", [BU-A2AP6EA-12G],
PC Portable HP 15-fd0095nk i5 13è Gén 12G 512Go SSD - Silver,"1 695,000 DT", [BU-A2AP7EA-12G],
PC Portable HP 15-fd0094nk i5 13ème Gén 12Go 512Go SSD - Silver & Bleu,"1 695,000 DT", [BU-A2AP5EA-12G],
PC Portable HP 15-fd0097nk i5 13è Gén 12G 512Go SSD - Noir,"1 695,000 DT", [BU-A2AP8EA-12G],
,,,
,,,
PC Portable ASUS Vivobook 16 X1605VA i5 13è Gén 16Go 512Go SSD - Silver,"1 699,000 DT", [X1605VA-MB475W-16G],
PC Portable LENOVO IdeaPad 1 15ALC7 AMD RYZEN 7 8Go 512Go SSD - Gris,"1 699,000 DT", [82R400KVFG],
PC Portable LENOVO V15 G4 IRU i5 13è Gén 24Go 512G SSD - Noir,"1 705,000 DT", [BU-83A1009HFE-24G-W11P],
PC Portable HP 15-fd0041nk i5 13è Gén 16Go 512Go SSD - Silver & Bleu,"1 709,000 DT", [9D6V9EA-16G],
PC Portable HP 15-fd0042nk i5 13è Gén 16Go 512Go SSD - Silver,"1 709,000 DT", [9D6W0EA-16G],
PC Portable HP 15-fd0048nk i5 13è Gén 16Go 512Go SSD - Silver & Or Chaud,"1 709,000 DT", [9D6W1EA-16G],
PC Portable HP 15-fd0095nk i5 13è Gén 24Go 512Go SSD - Silver,"1 715,000 DT", [A2AP7EA-24G],
PC Portable HP 15-fd0093nk i5 13è Gén 24Go 512Go SSD - Silver & Or Chaud,"1 715,000 DT", [A2AP6EA-24G],
PC Portable HP 15-fd0094nk i5 13è Gén 24Go 512Go SSD - Silver & Bleu,"1 715,000 DT", [A2AP5EA-24G],
PC Portable HP 15-fd0097nk i5 13è Gén 24Go 512Go SSD - Noir,"1 715,000 DT", [A2AP8EA-24G],
PC Portable HP 15-fd0093nk i5 13ème Gén 16Go 512Go SSD - Silver & Or Chaud,"1 729,000 DT", [BU-A2AP6EA-16G],
PC Portable HP 15-fd0095nk i5 13è Gén 16G 512Go SSD - Silver,"1 729,000 DT", [BU-A2AP7EA-16G],
PC Portable HP 15-fd0094nk i5 13ème Gén 16Go 512Go SSD - Silver & Bleu,"1 729,000 DT", [BU-A2AP5EA-16G],
PC Portable HP 15-fd0097nk i5 13è Gén 16G 512Go SSD - Noir,"1 729,000 DT", [BU-A2AP8EA-16G],
PC Portable LENOVO IdeaPad 1 15ALC7 AMD RYZEN 7 12Go 512Go SSD - Gris,"1 729,000 DT", [82R400KVFG-12G],
PC Portable ASUS Vivobook 16 X1605VA i5 13è Gén 24Go 512Go SSD - Silver,"1 739,000 DT", [X1605VA-MB475W-24G],
PC Portable HP 15-fd0041nk i5 13è Gén 24Go 512Go SSD - Silver & Bleu,"1 749,000 DT", [9D6V9EA-24G],
PC Portable HP 15-fd0042nk i5 13è Gén 24Go 512Go SSD - Silver,"1 749,000 DT", [9D6W0EA-24G],
PC Portable HP 15-fd0048nk i5 13è Gén 24Go 512Go SSD - Silver & Or Chaud,"1 749,000 DT", [9D6W1EA-24G],
PC Portable HP 15-fd0097nk i5 13è Gén 32Go 512Go SSD - Noir,"1 755,000 DT", [A2AP8EA-32G],
PC Portable LENOVO IdeaPad 1 15ALC7 AMD RYZEN 7 16Go 512Go SSD - Gris,"1 755,000 DT", [82R400KVFG-16G],
PC Portable HP 15-fd0093nk i5 13ème Gén 24Go 512Go SSD - Silver & Or Chaud,"1 775,000 DT", [BU-A2AP6EA-24G],
PC Portable HP 15-fd0095nk i5 13è Gén 24G 512Go SSD - Silver,"1 775,000 DT", [BU-A2AP7EA-24G],
PC Portable HP 15-fd0094nk i5 13ème Gén 24Go 512Go SSD - Silver & Bleu,"1 775,000 DT", [BU-A2AP5EA-24G],
PC Portable HP 15-fd0097nk i5 13è Gén 24G 512Go SSD - Noir,"1 775,000 DT", [BU-A2AP8EA-24G],
,,,
,,,
PC Portable LENOVO IdeaPad Slim 3 15ABR8 AMD RYZEN 7 8Go 512Go SSD - Gris,"1 775,000 DT", [82XM006NFG],
PC Portable LENOVO ThinkBook 16 G6 ABP AMD RYZEN 7 8G 512Go SSD - Gris,"1 799,000 DT", [BU-21KK004FFE],
PC Portable LENOVO ThinkBook 16 G6 ABP AMD RYZEN 7 8Go 512Go SSD - Gris,"1 799,000 DT", [21KK004FFE],
Pc Portable HP 15-fd0024nk i5 13è Gén 8Go 512Go SSD - Silver & Bleu,"1 799,000 DT", [886K9EA],
PC Portable LENOVO IdeaPad 1 15ALC7 AMD RYZEN 7 24Go 512Go SSD - Gris,"1 809,000 DT", [82R400KVFG-24G],
PC Portable HP 15-fd0097nk i5 13è Gén 32G 512Go SSD - Noir,"1 815,000 DT", [BU-A2AP8EA-32G],
Pc Portable HP 15-fd0024nk i5 13è Gén 12Go 512Go SSD - Silver & Bleu,"1 825,000 DT", [886K9EA-12G],
Pc Portable DELL Vostro 3520 i7 12ème Gén 8Go 512Go SSD,"1 859,000 DT", [V3520-I7-512SSD],
PC Portable LENOVO ThinkBook 16 G6 ABP AMD RYZEN 7 16G 512Go SSD - Gris,"1 869,000 DT", [BU-21KK004FFE-16G],
PC Portable LENOVO ThinkBook 16 G6 ABP AMD RYZEN 7 16Go 512Go SSD - Gris,"1 869,000 DT", [21KK004FFE-16G],
Pc Portable HP 15-fd0024nk i5 13è Gén 20Go 512Go SSD - Silver & Bleu,"1 889,000 DT", [886K9EA-20G],
PC Portable ASUS ExpertBook B1 B1502 i5 13è Gén 8Go 512Go SSD - Noir,"1 899,000 DT", [B1502CVA-NJ1266],
Pc Portable DELL Vostro 3520 i7 12ème Gén 16Go 512Go SSD,"1 919,000 DT", [V3520-I7-512SSD-16G],
Pc Portable HP 15-fc0015nk AMD RYZEN 7 8Go 512Go SSD - Silver,"1 919,000 DT", [886J5EA],
PC Portable HP 15-fd0032nk i5 13è Gén 12Go 512Go SSD - Silver & Bleu,"1 935,000 DT", [898J8EA-12G],
Pc Portable DELL Vostro 3520 i7 12ème Gén 24Go 512Go SSD,"1 959,000 DT", [V3520-I7-512SSD-24G],
PC Portable LENOVO IdeaPad Gaming 3 15ACH6 AMD RYZEN 5 16Go RTX2050,"1 969,000 DT", [82K202CMFG],
PC Portable LENOVO IdeaPad 1 15IAU7 i7 12è Gén 8Go 512Go SSD - Bleu,"1 969,000 DT", [82QD00FYFG],
PC Portable ASUS Vivobook 17 X1704VA i5 13è Gén 8Go 512Go SSD - Silver,"1 979,000 DT", [X1704VA-AU229W],
PC Portable LENOVO IdeaPad 1 15IAU7 i7 12è Gén 12Go 512Go SSD - Bleu,"1 989,000 DT", [82QD00FYFG-12G],
PC Portable LENOVO IdeaPad Flex 5 14ABR8 AMD RYZEN 5 8G 512Go SSD - Gris,"1 995,000 DT", [82XX00A9FG],
Pc Portable HP 15-fc0015nk AMD RYZEN 7 20Go 512Go SSD - Silver,"1 999,000 DT", [886J5EA-20G],
,,,
,,,
Pc Portable DELL Vostro 3520 i7 12ème Gén 32Go 512Go SSD,"2 009,000 DT", [V3520-I7-512SSD-32G],
PC Portable LENOVO IdeaPad 1 15IAU7 i7 12è Gén 16Go 512Go SSD - Bleu,"2 019,000 DT", [82QD00FYFG-16G],
PC Portable LENOVO IdeaPad 1 15IAU7 i7 12è Gén 8Go 512G SSD - Bleu,"2 029,000 DT", [BU-82QD00FYFG-W11P],
PC Portable HP 15-fc0014nk AMD RYZEN 7 20Go 512Go SSD - Silver,"2 029,000 DT", [886J4EA-20G],
PC Portable DELL Latitude 3540 i5 13è Gén 8Go 256Go SSD - Gris,"2 029,000 DT", [3540-I5-256SSD-1Y],
PC Portable LENOVO IdeaPad Gaming 3 15ACH6 AMD RYZEN 5 16Go RTX 2050 - Noir,"2 039,000 DT", [82K202B6FG],
PC Portable ASUS Vivobook 17 X1704VA i5 13è Gén 16Go 512Go SSD - Bleu,"2 045,000 DT", [X1704VA-AU154W-16G],
PC Portable LENOVO IdeaPad 1 15IAU7 i7 12è Gén 12Go 512G SSD - Bleu,"2 049,000 DT", [BU-82QD00FYFG-12G-W11P],
PC Portable LENOVO IdeaPad 1 15IAU7 i7 12è Gén 16Go 512G SSD - Bleu,"2 079,000 DT", [BU-82QD00FYFG-16G-W11P],
PC Portable LENOVO ThinkBook 16 G7 IML Ultra 5 125U 8Go 512Go SSD - Gris,"2 089,000 DT", [21MS000DFE],
PC Portable DELL Latitude 3540 i5 13è Gén 16Go 256Go SSD - Gris,"2 089,000 DT", [3540-I5-256SSD-1Y-16G],
PC Portable LENOVO IdeaPad Gaming 3 15ACH6 AMD RYZEN 5 24Go RTX 2050 - Noir,"2 095,000 DT", [82K202B6FG-24G],
PC Portable LENOVO IdeaPad Gaming 3 15ACH6 AMD RYZEN 5 16 Go RTX 2050 ,"2 099,000 DT", [BU-82K202B6FG-W11],
PC Portable Gamer ASUS TUF Gaming A15 AMD RYZEN 5 8Go RTX 2050,"2 099,000 DT", [FA506NF-HN005W],
PC Portable ASUS Vivobook 15 X1502VA i7 13è Gén 8Go 512Go SSD - Silver,"2 099,000 DT", [X1502VA-NJ233W],
PC Portable Gamer LENOVO LOQ 15IRH8 i5 12è Gén 8Go RTX 2050,"2 099,000 DT", [82XV00UGFG],
Pc Portable HP ProBook 450 G9 i5 12è Gén 8Go 256Go SSD - Silver,"2 109,000 DT", [6Q843ES],
PC Portable ASUS Vivobook 15 X1502VA i7 13è Gén 12Go 512Go SSD - Silver,"2 119,000 DT", [X1502VA-NJ233W-12G],
PC Portable Gamer MSI Thin GF63 12UCX i5 12è Gén 8Go RTX 2050 ,"2 129,000 DT", [GF63-12UCX-682XFR],
PC Portable LENOVO IdeaPad Gaming 3 15ACH6 AMD RYZEN 5 32Go RTX 2050 - Noir,"2 135,000 DT", [82K202B6FG-32G],
PC Portable LENOVO IdeaPad Flex 5 14IAU7 i5 12è Gén 8Go 512Go SSD ,"2 139,000 DT", [82R700K6FG],
PC Portable ASUS Vivobook 16 X1605VA i7 13è Gén 8Go 512Go SSD - Silver,"2 139,000 DT", [X1605VA-MB472W],
Pc Portable HP ProBook 450 G9 i5 12è Gén 12Go 256Go SSD - Silver,"2 139,000 DT", [6Q843ES-12G],
PC Portable Gamer LENOVO LOQ 15IRH8 i5 12ème Gén 8Go RTX 2050,"2 149,000 DT", [82XV00UHFG],
PC Portable HP 15-fd0021nk i7 13è Gén 8Go 512Go SSD - Silver & Bleu,"2 149,000 DT", [886K6EA],
,,,
,,,
PC Portable Gamer MSI Thin GF63 12UCX i5 12è Gén 12Go RTX 2050 ,"2 149,000 DT", [GF63-12UCX-682XFR-12G],
PC Portable DELL Latitude 3540 i5 13ème Gén 8Go 512Go SSD - Gris,"2 155,000 DT", [N032L354015EMEA],
PC Portable Gamer LENOVO LOQ 15IRH8 i5 12è Gén 8Go RTX 2050 - Gris,"2 159,000 DT", [BU-82XV00UGFG-W11P],
PC Portable LENOVO IdeaPad Gaming 3 15ACH6 AMD RYZEN 5 24 Go RTX 2050 ,"2 159,000 DT", [BU-82K202B6FG-24G-W11],
PC Portable ASUS Vivobook 15 X1502VA i7 13è Gén 16Go 512Go SSD - Silver,"2 159,000 DT", [X1502VA-NJ233W-16G],
Pc Portable HP ProBook 450 G9 i5 12è Gén 16Go 256Go SSD - Silver,"2 169,000 DT", [6Q843ES-16G],
PC Portable Gamer LENOVO LOQ 15IRH8 i5 12è Gén 16Go RTX 2050,"2 175,000 DT", [82XV00UGFG-16G],
PC Portable Gamer MSI Thin GF63 12UCX i5 12è Gén 16Go RTX 2050 ,"2 179,000 DT", [GF63-12UCX-682XFR-16G],
PC Portable Gamer MSI Thin GF63 12UCX i5 12ème Gén 8Go RTX 2050 ,"2 185,000 DT", [BU-GF63-12UCX-682XFR-W11],
PC Portable HP 15-fd0286nk i7 13è Gén 8Go 512Go SSD - Silver,"2 185,000 DT", [A2AQ2EA],
PC Portable Gamer ASUS Vivobook 16X i5 12è Gén 8Go RTX 2050,"2 185,000 DT", [S3605ZF-N1342W],
PC Portable HP Pavilion x360 15-er1003nk i5 12è Gén 8Go 512Go SSD - Silver,"2 189,000 DT", [7J0J6EA],
Pc Portable HP ProBook 450 G10 i5 13è Gén 8Go 256Go SSD - Silver,"2 189,000 DT", [85D05EA],
PC Portable LENOVO IdeaPad Gaming 3 15ACH6 AMD RYZEN 5 32 Go RTX 2050,"2 195,000 DT", [BU-82K202B6FG-32G-W11],
PC Portable Gamer ASUS TUF Gaming A15 AMD RYZEN 5 16Go RTX 2050,"2 195,000 DT", [FA506NF-HN005W-16G],
Pc Portable HP ProBook 450 G10 i5 13è Gén 8G 256Go SSD - Silver,"2 199,000 DT", [BU-85D05EA-SAC],
PC Portable ASUS Vivobook 16 X1605VA i7 13è Gén 16Go 512Go SSD - Silver,"2 199,000 DT", [X1605VA-MB472W-16G],
PC Portable ASUS Vivobook 15 X1502VA i7 13è Gén 24Go 512Go SSD - Silver,"2 199,000 DT", [X1502VA-NJ233W-24G],
PC Portable HP 15-fd0286nk i7 13è Gén 12Go 512Go SSD - Silver,"2 205,000 DT", [A2AQ2EA-12G],
PC Portable Gamer ASUS Vivobook 16X i5 12è Gén 12Go RTX 2050,"2 205,000 DT", [S3605ZF-N1342W-12G],
PC Portable Gamer MSI Thin GF63 12UCX i5 12ème Gén 12Go RTX 2050 ,"2 209,000 DT", [BU-GF63-12UCX-682XFR-12G-W11],
PC Portable DELL Latitude 3540 i5 13ème Gén 16Go 512Go SSD - Gris,"2 215,000 DT", [N032L354015EMEA-16G],
PC Portable HP 15-fd0021nk i7 13è Gén 16Go 512Go SSD - Silver & Bleu,"2 219,000 DT", [886K6EA-16G],
Pc Portable HP ProBook 450 G9 i5 12è Gén 24Go 256Go SSD - Silver,"2 219,000 DT", [6Q843ES-24G],
Pc Portable HP ProBook 450 G10 i5 13è Gén 12Go 256Go SSD - Silver,"2 225,000 DT", [85D05EA-12G],
,,,
,,,
PC Portable Gamer LENOVO LOQ 15IRH8 i5 12ème Gén 16Go RTX 2050,"2 225,000 DT", [82XV00UHFG-16G],
PC Portable Gamer MSI Thin GF63 12UCX i5 12è Gén 24Go RTX 2050 ,"2 229,000 DT", [GF63-12UCX-682XFR-24G],
PC Portable Gamer LENOVO LOQ 15IRH8 i5 12è Gén 16Go RTX 2050 - Gris,"2 235,000 DT", [BU-82XV00UGFG-16G-W11P],
Pc Portable HP ProBook 450 G10 i5 13è Gén 12G 256Go SSD - Silver,"2 235,000 DT", [BU-85D05EA-12G-SAC],
PC Portable Gamer MSI Thin GF63 12UCX i5 12ème Gén 16Go RTX 2050 ,"2 239,000 DT", [BU-GF63-12UCX-682XFR-16G-W11],
PC Portable ASUS Vivobook 16 X1605VA i7 13è Gén 24Go 512Go SSD - Silver,"2 239,000 DT", [X1605VA-MB472W-24G],
PC Portable Gamer ASUS Vivobook 16X i5 12è Gén 16Go RTX 2050,"2 239,000 DT", [S3605ZF-N1342W-16G],
PC Portable HP 15-fd0286nk i7 13è Gén 16Go 512Go SSD - Silver,"2 245,000 DT", [A2AQ2EA-16G],
PC Portable Gamer LENOVO LOQ 15IRH8 i5 12è Gén 24Go RTX 2050,"2 245,000 DT", [82XV00UGFG-24G],
Pc Portable HP ProBook 450 G10 i5 13ème Gén 8Go 256Go SSD - Silver,"2 249,000 DT", [BU-85D05EA-W11P],
Pc Portable HP ProBook 450 G10 i5 13è Gén 16Go 256Go SSD - Silver,"2 249,000 DT", [85D05EA-16G],
Pc Portable HP ProBook 450 G10 i5 13è Gén 16G 256Go SSD - Silver,"2 259,000 DT", [BU-85D05EA-16G-SAC],
PC Portable ASUS Vivobook 15 X1502VA i9 13è Gén 8Go 512Go SSD - Silver,"2 259,000 DT", [X1502VA-NJ257W],
PC Portable ASUS Vivobook 15 X1502VA i9 13è Gén 8Go 512Go SSD - Bleu,"2 259,000 DT", [X1502VA-NJ256W],
Pc Portable ASUS Zenbook 14 AMD RYZEN 7 8Go 512Go SSD - Gris ,"2 269,000 DT", [UM425QA-KI165W],
PC Portable ASUS ExpertBook B1 B1502 i7 13è Gén 8Go 512Go SSD - Noir,"2 269,000 DT", [B1502CVA-NJ1267],
PC Portable HP Pavilion x360 2-en-1 14-ek0001nk i5 12è Gén 8Go 256Go SSD,"2 269,000 DT", [6E1D5EA],
PC Portable HP 15-fd0286nk i7 13è Gén 24Go 512Go SSD - Silver,"2 275,000 DT", [A2AQ2EA-24G],
PC Portable Gamer LENOVO LOQ 15IAX9 i5 12è Gén 16Go RTX 2050,"2 259,000 DT", [83GS00AKFG],
PC Portable Gamer ASUS Vivobook 16X i5 12è Gén 24Go RTX 2050,"2 279,000 DT", [S3605ZF-N1342W-24G],
PC Portable ASUS Vivobook 15 X1502VA i9 13è Gén 12Go 512Go SSD - Bleu,"2 279,000 DT", [X1502VA-NJ256W-12G],
PC Portable ASUS Vivobook 15 X1502VA i9 13è Gén 12Go 512Go SSD - Silver,"2 279,000 DT", [X1502VA-NJ257W-12G],
Pc Portable HP ProBook 450 G10 i5 13ème Gén 12Go 256Go SSD - Silver,"2 285,000 DT", [BU-85D05EA-12G-W11P],
PC Portable Gamer MSI Thin GF63 12UCX i5 12ème Gén 24Go RTX 2050 ,"2 289,000 DT", [BU-GF63-12UCX-682XFR-24G-W11],
PC Portable Gamer LENOVO LOQ 15IRH8 i5 12ème Gén 24Go RTX 2050,"2 289,000 DT", [82XV00UHFG-24G],
,,,
,,,
PC Portable Gamer MSI Thin GF63 12UCX i5 12è Gén 32Go RTX 2050 ,"2 289,000 DT", [GF63-12UCX-682XFR-32G],
PC Portable Gamer ASUS Vivobook 16X i7 12è Gén 8Go RTX 2050,"2 299,000 DT", [S3605ZF-N1501W],
Pc Portable HP ProBook 440 G9 i5 12è Gén 16Go 512Go SSD - Silver,"2 299,000 DT", [6Q834ES-16G],
PC Portable HP Pavilion x360 2-in-1 14-ek1002nk i5 13è Gén 8Go 512Go SSD - Bleu,"2 299,000 DT", [873K2EA],
PC Portable Gamer ASUS TUF Gaming A15 AMD RYZEN 5 24Go RTX 2050,"2 299,000 DT", [FA506NF-HN005W-24G],
Pc Portable HP ProBook 450 G10 i5 13è Gén 24Go 256Go SSD - Silver,"2 299,000 DT", [85D05EA-24G],
PC Portable Gamer LENOVO LOQ 15IRH8 i5 12è Gén 24Go RTX 2050 - Gris,"2 305,000 DT", [BU-82XV00UGFG-24G-W11P],
Pc Portable HP ProBook 450 G10 i5 13ème Gén 16Go 256Go SSD - Silver,"2 309,000 DT", [BU-85D05EA-16G-W11P],
Pc Portable HP ProBook 450 G10 i5 13è Gén 24G 256Go SSD - Silver,"2 309,000 DT", [BU-85D05EA-24G-SAC],
PC Portable ASUS Vivobook 15 X1502VA i9 13è Gén 16Go 512Go SSD - Silver,"2 309,000 DT", [X1502VA-NJ257W-16G],
PC Portable ASUS Vivobook 15 X1502VA i9 13è Gén 16Go 512Go SSD - Bleu,"2 309,000 DT", [X1502VA-NJ256W-16G],
PC Portable Gamer LENOVO LOQ 15IRH8 i5 12è Gén 32Go RTX 2050,"2 315,000 DT", [82XV00UGFG-32G],
PC Portable HP 15-fd0021nk i7 13è Gén 32Go 512Go SSD - Silver & Bleu,"2 319,000 DT", [886K6EA-32G],
PC Portable Gamer ASUS TUF Gaming A15 AMD RYZEN 7 8Go RTX2050,"2 329,000 DT", [TUF507RF-HN030W-SIN],
Pc Portable HP ProBook 450 G10 i5 13è Gén 32Go 256Go SSD - Silver,"2 339,000 DT", [85D05EA-32G],
PC Portable Gamer ASUS Vivobook 16X i7 12è Gén 16Go RTX 2050,"2 349,000 DT", [S3605ZF-N1501W-16G],
Pc Portable HP ProBook 450 G10 i5 13è Gén 32G 256Go SSD - Silver,"2 349,000 DT", [BU-85D05EA-32G-SAC],
PC Portable Gamer MSI Thin GF63 12UCX i5 12ème Gén 32Go RTX 2050 ,"2 349,000 DT", [BU-GF63-12UCX-682XFR-32G-W11],
PC Portable Gamer ASUS TUF Gaming A15 AMD RYZEN 7 8G RTX 2050,"2 359,000 DT", [FA506NFR-HN068W],
Pc Portable HP ProBook 450 G10 i5 13ème Gén 24Go 256Go SSD - Silver,"2 359,000 DT", [BU-85D05EA-24G-W11P],
PC Portable Gamer ASUS TUF Gaming A15 AMD RYZEN 5 32Go RTX 2050,"2 359,000 DT", [FA506NF-HN005W-32G],
PC Portable ASUS Vivobook 15 X1502VA i9 13è Gén 24Go 512Go SSD - Silver,"2 359,000 DT", [X1502VA-NJ257W-24G],
PC Portable ASUS Vivobook 15 X1502VA i9 13è Gén 24Go 512Go SSD - Bleu,"2 359,000 DT", [X1502VA-NJ256W-24G],
PC Portable Gamer LENOVO LOQ 15IRH8 i5 12ème Gén 32Go RTX 2050,"2 365,000 DT", [82XV00UHFG-32G],
,,,
,,,
PC Portable HP 15-fd0127nk i7 13è Gén 16Go 1To SSD - Silver,"2 369,000 DT", [A2AP9EA],
PC Portable Gamer LENOVO LOQ 15IRH8 i5 12è Gén 32Go RTX 2050 - Gris,"2 375,000 DT", [BU-82XV00UGFG-32G-W11P],
PC Portable ASUS ExpertBook B1 B1502 i7 13è Gén 16Go 512Go SSD - Noir,"2 399,000 DT", [B1502CVA-NJ2211],
PC Portable Gamer ASUS Vivobook 16X i7 12è Gén 24Go RTX 2050,"2 399,000 DT", [S3605ZF-N1501W-24G],
Pc Portable HP ProBook 450 G10 i5 13ème Gén 32Go 256Go SSD - Silver,"2 399,000 DT", [BU-85D05EA-32G-W11P],
PC Portable Gamer ASUS TUF Gaming A15 AMD RYZEN 7 8Go RTX 2050,"2 399,000 DT", [TUF507RF-HN030W],
PC Portable Gamer MSI Thin GF63 12UCX i7 12è Gén 8Go RTX 2050 ,"2 399,000 DT", [GF63-12UCX-681XFR],
PC Portable DELL Latitude 3530 i5 12è Gén 12Go 256Go SSD ,"2 409,000 DT", [3530-I5-256SSD-1Y-12G],
PC Portable Gamer MSI Thin GF63 12UCX i7 12è Gén 12Go RTX 2050 ,"2 419,000 DT", [GF63-12UCX-681XFR-12G],
PC Portable ASUS ExpertBook B5 B5602 i5 12è Gén 16Go 512Go SSD - Noir,"2 429,000 DT", [B5602CBA-MB0776],
PC Portable ASUS ExpertBook B1 B1502 i7 13è Gén 24Go 512Go SSD - Noir,"2 439,000 DT", [B1502CVA-NJ2211-24G],
PC Portable LENOVO ThinkPad E14 Gén 5 i5 13è Gén 8Go 512Go SSD - Noir,"2 449,000 DT", [21JK009YFE],
PC Portable Gamer LENOVO LOQ 15IRH8 i5 12è Gén 8Go RTX 3050,"2 449,000 DT", [82XV00UJFG],
PC Portable Gamer MSI Thin GF63 12UCX i7 12ème Gén 8Go RTX 2050 ,"2 459,000 DT", [BU-GF63-12UCX-681XFR-W11],
PC Portable Gamer MSI Thin GF63 12UCX i7 12è Gén 16Go RTX 2050 ,"2 465,000 DT", [GF63-12UCX-681XFR-16G],
PC Portable Gamer ASUS TUF Gaming A15 AMD RYZEN 7 16Go RTX 2050,"2 469,000 DT", [TUF507RF-HN030W-16G],
PC Portable LENOVO ThinkPad E14 Gén 5 i5 13è Gén 12Go 512Go SSD - Noir,"2 475,000 DT", [21JK009YFE-12G],
Pc Portable HP ProBook 450 G10 i5 13è Gén 12G 512Go SSD - Silver,"2 479,000 DT", [85D08EA-12G-SIN],
PC Portable Gamer MSI Thin GF63 12UCX i7 12ème Gén 12Go RTX 2050 ,"2 479,000 DT", [BU-GF63-12UCX-681XFR-12G-W11],
PC Portable ASUS ExpertBook B1 B1502CBA i7 12ème Gén 16Go 512Go SSD - Noir,"2 485,000 DT", [B1502CBA-BQ0559X],
PC Portable ASUS ExpertBook B1 B1502 i7 13è Gén 32Go 512Go SSD - Noir,"2 489,000 DT", [B1502CVA-NJ2211-32G],
PC Portable ASUS Vivobook 17 X1704VA i7 13è Gén 16Go 512Go SSD - Silver,"2 499,000 DT", [X1704VA-AU232W],
PC Portable Gamer MSI Thin GF63 12UCX i7 12è Gén 24Go RTX 2050 ,"2 499,000 DT", [GF63-12UCX-681XFR-24G],
PC Portable Gamer DELL G15 5530 i5 13è Gén 16Go RTX 3050,"2 505,000 DT", [G15-5530-I5-3Y],
PC Portable LENOVO ThinkPad E14 Gén 5 i5 13è Gén 16Go 512Go SSD - Noir,"2 509,000 DT", [21JK009YFE-16G],
,,,
,,,
PC Portable Gamer ASUS TUF Gaming A15 AMD RYZEN 7 24Go RTX 2050,"2 515,000 DT", [TUF507RF-HN030W-24G],
PC Portable Gamer MSI Thin GF63 12UCX i7 12ème Gén 16Go RTX 2050 ,"2 525,000 DT", [BU-GF63-12UCX-681XFR-16G-W11],
Pc Portable HP ProBook 450 G9 i5 12è Gén 8Go 512Go SSD - Silver,"2 535,000 DT", [5Y3T8EA],
PC Portable LENOVO ThinkBook 16 G7 IML Ultra 7 155H 8Go 512Go SSD - Gris,"2 539,000 DT", [21MS0013FE],
PC Portable ASUS Vivobook 17 X1704VA i7 13è Gén 24Go 512Go SSD - Silver,"2 555,000 DT", [X1704VA-AU232W-24G],
PC Portable Gamer MSI Thin GF63 12UCX i7 12ème Gén 24G RTX 2050,"2 569,000 DT", [BU-GF63-12UCX-681XFR-24G-W11],
PC Portable Gamer MSI Thin GF63 12UCX i7 12è Gén 32Go RTX 2050 ,"2 569,000 DT", [GF63-12UCX-681XFR-32G],
PC Portable Gamer LENOVO LOQ 15IRH8 i5 12è Gén 16Go RTX 3050,"2 579,000 DT", [82XV00UJFG-16G],
PC Portable Gamer ASUS TUF Gaming A15 AMD RYZEN 7 32Go RTX 2050,"2 579,000 DT", [TUF507RF-HN030W-32G],
PC Portable ASUS ExpertBook B1 B1502 i7 13è Gén 48Go 512Go SSD - Noir,"2 599,000 DT", [B1502CVA-NJ2211-48G],
PC Portable Gamer LENOVO LOQ 15IRX9 i5 13ème Gén 16Go RTX 3050,"2 599,000 DT", [83DV00JDFG],
PC Portable Gamer DELL G15 5535 AMD RYZEN 5 16Go RTX3050,"2 599,000 DT", [G15-5535-R5-16G],
PC Portable Gamer LENOVO LOQ 15IRH8 i5 12è Gén 24Go RTX 3050,"2 609,000 DT", [82XV00UJFG-24G],
PC Portable Gamer HP Victus 15-fa1003nk i5 13è Gén 16Go RTX 3050,"2 619,000 DT", [845B2EA],
PC Portable LENOVO ThinkPad E14 Gén 4 i5 12è Gén 16Go 512Go SSD - Noir,"2 625,000 DT", [21E300ABFE-16G],
PC Portable Gamer MSI Thin GF63 12UCX i7 12ème Gén 32Go RTX 2050,"2 629,000 DT", [BU-GF63-12UCX-681XFR-32G-W11],
PC Portable ASUS ExpertBook B5 B5602 i5 13è Gén 16Go 512Go SSD - Noir,"2 635,000 DT", [B5602CVA-MB0545],
PC Portable LENOVO IdeaPad Gaming 3 15ARH7 AMD RYZEN 5 8Go RTX 4050,"2 639,000 DT", [82SB00SJFG],
Pc Portable DELL Vostro 5630 i5 13è Gén 16Go RTX 2050,"2 639,000 DT", [V5630-I5],
PC Portable ASUS Vivobook S14 Flip i5 13è Gén 8Go 512Go SSD - Silver,"2 659,000 DT", [TP3402VA-LZ265W],
PC Portable LENOVO ThinkPad E14 Gén 4 i5 12è Gén 24Go 512Go SSD - Noir,"2 669,000 DT", [21E300ABFE-24G],
PC Portable Gamer LENOVO LOQ 15IRX9 i5 13ème Gén 24Go RTX 3050,"2 679,000 DT", [83DV00JDFG-24G],
PC Portable Gamer HP Victus 15-fa1003nk i5 13è Gén 24Go RTX 3050,"2 679,000 DT", [845B2EA-24G],
PC Portable Gamer LENOVO LOQ 15IRH8 i5 12è Gén 32Go RTX 3050,"2 679,000 DT", [82XV00UJFG-32G],
,,,
,,,
PC Portable LENOVO ThinkPad E16 Gén 1 i5 13è Gén 8G 512Go SSD - Noir,"2 685,000 DT", [21JN008QFE],
PC Portable LENOVO Yoga Mince 6 14IAP8 i5 12è Gén 8Go 512G SSD - Gris,"2 695,000 DT", [BU-82WU0098FG],
PC Portable LENOVO Yoga Mince 6 14IAP8 i5 12è Gén 8Go 512Go SSD - Gris,"2 695,000 DT", [82WU0098FG],
PC Portable LENOVO ThinkPad E14 Gén 5 i5 13è Gén 8Go 512Go SSD - Noir,"2 699,000 DT", [21JK001TFE],
PC Portable Gamer MSI Thin GF63 12U i5 12è Gén 8Go RTX 3050,"2 699,000 DT", [GF63-12UDX-214XFR],
PC Portable LENOVO ThinkPad E14 Gén 5 i5 13è Gén 8Go 512G SSD - Noir,"2 709,000 DT", [21JK008NFE],
PC Portable LENOVO Yoga Slim 6 14IAP8 i5 12è Gén 8Go 512Go SSD - Gris,"2 725,000 DT", [82WU0068FG],
PC Portable LENOVO IdeaPad Gaming 3 15ARH7 AMD RYZEN 5 16Go RTX 4050,"2 729,000 DT", [82SB00SJFG-16G],
PC Portable Gamer MSI Thin GF63 12U i5 12è Gén 12Go RTX 3050,"2 729,000 DT", [GF63-12UDX-214XFR-12G],
PC Portable Gamer HP Victus 15-fa1003nk i5 13è Gén 32Go RTX 3050,"2 739,000 DT", [845B2EA-32G],
PC Portable LENOVO ThinkPad E16 Gén 1 i5 13è Gén 16G 512Go SSD - Noir,"2 745,000 DT", [21JN008QFE-16G],
PC Portable Gamer MSI Thin GF63 12U i5 12è Gén 8Go RTX 3050 - Noir,"2 759,000 DT", [BU-GF63-12UDX-214XFR-W11P],
PC Portable LENOVO ThinkPad E14 Gén 5 i5 13è Gén 16G 512Go SSD - Noir,"2 759,000 DT", [21JK001TFE-16G],
PC Portable Gamer MSI Thin GF63 12U i5 12è Gén 16Go RTX 3050,"2 759,000 DT", [GF63-12UDX-214XFR-16G],
PC Portable Gamer LENOVO LOQ 15IRX9 i5 13ème Gén 32Go RTX 3050,"2 769,000 DT", [83DV00JDFG-32G],
PC Portable LENOVO ThinkPad E16 Gén 1 i5 13è Gén 24G 512Go SSD - Noir,"2 785,000 DT", [21JN008QFE-24G],
PC Portable Gamer MSI Thin GF63 12U i5 12è Gén 12Go RTX 3050 - Noir,"2 789,000 DT", [BU-GF63-12UDX-214XFR-12G-W11P],
PC Portable Gamer DELL G15 5535 AMD RYZEN 5 32Go RTX 3050,"2 789,000 DT", [G15-5535-R5-32G],
PC Portable LENOVO ThinkPad E14 Gén 5 i5 13è Gén 24G 512Go SSD - Noir,"2 799,000 DT", [21JK001TFE-24G],
PC Portable Gamer MSI Thin GF63 12U i5 12è Gén 24Go RTX 3050,"2 815,000 DT", [GF63-12UDX-214XFR-24G],
PC Portable Gamer MSI Thin GF63 12U i5 12è Gén 16Go RTX 3050 - Noir,"2 819,000 DT", [BU-GF63-12UDX-214XFR-16G-W11P],
PC Portable DELL Latitude 5540 i5 13ème Gén 8Go 512Go SSD - Gris,"2 829,000 DT", [5540-I5-512SSD-1Y],
Pc Portable HP ProBook 450 G10 i7 13è Gén 8Go 512Go SSD - Silver,"2 839,000 DT", [85D06EA],
PC Portable Gamer MSI Thin GF63 12U i5 12è Gén 32Go RTX 3050,"2 869,000 DT", [GF63-12UDX-214XFR-32G],
PC Portable Gamer MSI Thin GF63 12U i5 12è Gén 24Go RTX 3050 - Noir,"2 879,000 DT", [BU-GF63-12UDX-214XFR-24G-W11P],
,,,
,,,
PC Portable DELL Latitude 5540 i5 13ème Gén 16Go 512Go SSD - Gris,"2 899,000 DT", [5540-I5-512SSD-1Y-16G],
PC Portable Gamer MSI Cyborg 15 A12VE i5 12è Gén 8Go RTX 4050,"2 899,000 DT", [15A12VE-463XFR],
PC Portable Gamer MSI Thin GF63 12U i7 12è Gén 8Go RTX 3050,"2 899,000 DT", [GF63-12UDX-213XFR],
PC Portable LENOVO IdeaPad Gaming 3 15ARH7 AMD RYZEN 5 32Go RTX 4050,"2 919,000 DT", [82SB00SJFG-32G],
PC Portable DELL Latitude 3540 i7 13ème Gén 8G 512Go SSD - Gris,"2 919,000 DT", [3540-I7-512SSD-1Y],
PC Portable DELL Latitude 5530 i5 12è Gén 8Go 256Go SSD - Gris,"2 925,000 DT", [5530-I5-256SSD-W11P-3Y],
PC Portable Gamer MSI Thin GF63 12U i5 12è Gén 32Go RTX 3050 - Noir,"2 929,000 DT", [BU-GF63-12UDX-214XFR-32G-W11P],
PC Portable Gamer MSI Cyborg 15 A12VE i5 12è Gén 8Go RTX 4050,"2 959,000 DT", [BU-15A12VE-463XFR-W11P],
PC Portable Gamer MSI Thin GF63 12U i7 12ème Gén 8Go RTX 3050,"2 959,000 DT", [BU-GF63-12UDX-213XFR-W11P],
PC Portable Gamer MSI Cyborg 15 A12VE i5 12è Gén 16Go RTX 4050,"2 959,000 DT", [15A12VE-463XFR-16G],
PC Portable Gamer MSI Thin GF63 12U i7 12è Gén 16Go RTX 3050,"2 959,000 DT", [GF63-12UDX-213XFR-16G],
PC Portable DELL Latitude 3540 i7 13è Gén 16G 512Go SSD - Gris,"2 969,000 DT", [3540-I7-512SSD-1Y-16G],
PC Portable HP ENVY x360 2-in-1 15-fe0002nk i5 13è Gén 8Go 512Go SSD - Silver,"2 969,000 DT", [845G9EA],
PC Portable DELL Latitude 5540 i5 13è Gén 8Go 512Go SSD - Gris,"2 989,000 DT", [5540-I5-3Y],
PC Portable Gamer MSI Thin GF63 12U i7 12è Gén 24Go RTX 3050,"2 989,000 DT", [GF63-12UDX-213XFR-24G],
PC Portable ASUS ExpertBook B5 Flip i7 13è Gén 16Go 512Go SSD - Noir,"2 999,000 DT", [B5402FVA-KA0627],
PC Portable MSI Prestige 15 i7 12ème Gén 8Go GTX 1650,"2 999,000 DT", [BU-9S7-16S811-033],
PC Portable Gamer MSI Katana 15 B12U i5 12è Gén 8Go RTX 3050,"2 999,000 DT", [B12UDXK-644XFR],
PC Portable Gamer LENOVO LOQ 15APH8 AMD RYZEN 7 16Go RTX 3050,"2 999,000 DT", [82XT00BVFG],
PC Portable MSI Prestige 15 i7 12è Gén 8Go GTX 1650,"2 999,000 DT", [9S7-16S811-033],
PC Portable ASUS Vivobook S14 Flip i7 13è Gén 8G 512Go SSD - Silver,"3 009,000 DT", [TP3402VA-LZ264W-SIN],
PC Portable LENOVO ThinkPad E14 Gén 4 i7 12è Gén 8G 512Go SSD - Noir,"3 009,000 DT", [BU-21E300AWFE],
PC Portable LENOVO ThinkPad E14 Gén 4 i7 12è Gén 8Go 512Go SSD - Noir,"3 009,000 DT", [21E300AWFE],
PC Portable Gamer MSI Cyborg 15 A12VE i5 12è Gén 16Go RTX 4050,"3 019,000 DT", [BU-15A12VE-463XFR-16G-W11P],
PC Portable Gamer MSI Thin GF63 12U i7 12ème Gén 16Go RTX 3050,"3 019,000 DT", [BU-GF63-12UDX-213XFR-16G-W11P],
,,,
,,,
PC Portable Gamer MSI Thin GF63 12U i7 12è Gén 32Go RTX 3050,"3 025,000 DT", [GF63-12UDX-213XFR-32G],
PC Portable Gamer MSI Katana 17 B12U i7 12è Gén 16Go RTX 2050,"3 035,000 DT", [B12UCXK-660XFR],
PC Portable Gamer MSI Thin GF63 12U i7 12ème Gén 24Go RTX 3050,"3 049,000 DT", [BU-GF63-12UDX-213XFR-24G-W11P],
PC Portable DELL Latitude 5540 i5 13è Gén 16Go 512Go SSD - Gris,"3 059,000 DT", [5540-I5-3Y-16G],
PC Portable ASUS Vivobook S14 Flip i7 13è Gén 8Go 512Go SSD - Silver,"3 059,000 DT", [TP3402VA-LZ264W],
PC Portable Gamer MSI Cyborg 15 A12VE i5 12è Gén 24Go RTX 4050,"3 065,000 DT", [15A12VE-463XFR-24G],
PC Portable LENOVO ThinkPad E14 Gén 4 i7 12è Gén 16Go 512G SSD - Noir,"3 069,000 DT", [BU-21E300AWFE-16G],
PC Portable LENOVO ThinkPad E14 Gén 4 i7 12è Gén 16G 512Go SSD - Noir,"3 069,000 DT", [21E300AWFE-16G],
PC Portable Gamer MSI Thin GF63 12VF i5 12è Gén 16Go RTX 4060,"3 079,000 DT", [GF63-12VF-414XFR],
PC Portable Gamer MSI Thin GF63 12U i7 12ème Gén 32Go RTX 3050,"3 085,000 DT", [BU-GF63-12UDX-213XFR-32G-W11P],
PC Portable Gamer LENOVO LOQ 15APH8 AMD RYZEN 7 24Go RTX 3050,"3 085,000 DT", [82XT00BVFG-24G],
Pc Portable HP EliteBook 860 G9 i5 12è Gén 8Go 256Go SSD - Silver,"3 085,000 DT", [5P7W7ES],
PC Portable Gamer MSI Katana 15 B12U i5 12è Gén 16Go RTX 3050,"3 089,000 DT", [B12UDXK-644XFR-16G],
PC Portable Gamer ASUS TUF Gaming A15 AMD RYZEN 5 8Go RTX 4060,"3 099,000 DT", [TUF507NV-LP099W],
PC Portable LENOVO ThinkPad E14 Gén 4 i7 12è Gén 24Go 512G SSD - Noir,"3 119,000 DT", [BU-21E300AWFE-24G],
PC Portable LENOVO ThinkPad E14 Gén 4 i7 12è Gén 24G 512Go SSD - Noir,"3 119,000 DT", [21E300AWFE-24G],
PC Portable Gamer MSI Cyborg 15 A12VE i5 12ème Gén 24Go RTX 4050,"3 125,000 DT", [BU-15A12VE-463XFR-24G-W11P],
PC Portable Gamer MSI Cyborg 15 A12VE i5 12è Gén 32Go RTX 4050,"3 125,000 DT", [15A12VE-463XFR-32G],
PC Portable LENOVO ThinkPad E16 Gen 2 Ultra 7 155H 16Go 512Go SSD - Noir,"3 129,000 DT", [21MA001LFE],
PC Portable Gamer MSI Thin GF63 12VF i5 12è Gén 16Go RTX 4060,"3 139,000 DT", [BU-GF63-12VF-414XFR-W11P],
PC Portable LENOVO ThinkPad E14 Gen 5 i7 13è Gén 8Go 512Go SSD - Noir,"3 145,000 DT", [21JK001PFE],
PC Portable Gamer MSI Katana 17 B12U i5 12è Gén 16Go RTX 3050,"3 149,000 DT", [B12UDXK-421XFR-16G],
PC Portable Gamer GIGABYTE G5 KF5 i5 13è Gén 16Go RTX 4060,"3 159,000 DT", [G5KF5-I5],
PC Portable Gamer LENOVO LOQ 15IRX9 i7 13ème Gén 16Go RTX 3050,"3 159,000 DT", [83DV00JRFG],
PC Portable Gamer MSI Thin GF63 12VF i5 12è Gén 24Go RTX 4060,"3 159,000 DT", [GF63-12VF-414XFR-24G],
,,,
,,,
PC Portable Gamer LENOVO LOQ 15APH8 AMD RYZEN 7 32Go RTX 3050,"3 165,000 DT", [82XT00BVFG-32G],
PC Portable Gamer MSI Katana 15 B12U i5 12è Gén 24Go RTX 3050,"3 165,000 DT", [B12UDXK-644XFR-24G],
PC Portable ASUS Vivobook S14 Flip i7 13è Gén 24Go 512Go SSD - Silver,"3 175,000 DT", [TP3402VA-LZ264W-24G],
PC Portable Gamer LENOVO LOQ 15IRX9 i7 13è Gén 24Go RTX 3050,"3 175,000 DT", [83DV00A2FG-24G],
PC Portable Gamer DELL G15 5530 i7 13ème Gén 16Go RTX 3050,"2 979,000 DT", [G15-5530-I7-3Y-SIN],
PC Portable Gamer DELL G15 5530 i7 13è Gén 24Go RTX 3050,"3 179,000 DT", [G15-5530-I7-24G],
PC Portable Gamer MSI Cyborg 15 A12VE i5 12ème Gén 32Go RTX 4050,"3 185,000 DT", [BU-15A12VE-463XFR-32G-W11P],
PC Portable Gamer ASUS TUF Gaming A15 AMD RYZEN 5 16Go RTX 4060,"3 195,000 DT", [TUF507NV-LP099W-16G],
PC Portable LENOVO ThinkPad E16 Gen 1 i7 13è Gén 16Go 512Go SSD - Noir,"3 199,000 DT", [21JN007VFE],
PC Portable Gamer GIGABYTE G5MF5 i7 13è Gén 16Go RTX 4050,"3 199,000 DT", [GIGABYTE-G5MF5-I7],
PC Portable LENOVO ThinkPad E14 Gen 5 i7 13è Gén 16Go 512Go SSD - Noir,"3 199,000 DT", [21JK001PFE-16G],
PC Portable Gamer MSI Thin GF63 12VF i5 12è Gén 32Go RTX 4060,"3 205,000 DT", [GF63-12VF-414XFR-32G],
PC Portable Gamer MSI Thin GF63 12VF i5 12è Gén 24Go RTX 4060,"3 219,000 DT", [BU-GF63-12VF-414XFR-24G-W11P],
PC Portable Gamer MSI Katana 15 B12U i5 12è Gén 32Go RTX 3050,"3 225,000 DT", [B12UDXK-644XFR-32G],
PC Portable DELL Latitude 3540 i7 13è Gén 8Go 512Go SSD - Gris,"3 229,000 DT", [3540-I7-MX],
PC Portable Gamer LENOVO LOQ 15IRX9 i7 13ème Gén 24Go RTX 3050,"3 229,000 DT", [83DV00JRFG-24G],
PC Portable Gamer MSI Katana 17 B12U i5 12è Gén 24Go RTX 3050,"3 229,000 DT", [B12UDXK-421XFR-24G],
PC Portable Gamer GIGABYTE G5 KF5 i5 13è Gén 24Go RTX 4060,"3 239,000 DT", [G5KF5-I5-24G],
PC Portable Gamer LENOVO LOQ 15IRX9 i7 13è Gén 32Go RTX 3050,"3 245,000 DT", [83DV00A2FG-32G],
PC Portable LENOVO ThinkPad E16 Gen 1 i7 13ème Gén 24Go 512Go SSD - Noir,"3 255,000 DT", [21JN007VFE-24G],
PC Portable LENOVO ThinkPad E14 Gen 5 i7 13è Gén 24Go 512Go SSD - Noir,"3 259,000 DT", [21JK001PFE-24G],
PC Portable Gamer DELL G15 5530 i7 13è Gén 32Go RTX 3050,"3 259,000 DT", [G15-5530-I7-32G],
PC Portable Gamer MSI Thin GF63 12VF i5 12ème Gén 32G RTX 4060,"3 265,000 DT", [BU-GF63-12VF-414XFR-32G-W11P],
PC Portable Gamer GIGABYTE G5MF5 i7 13è Gén 24Go RTX 4050,"3 279,000 DT", [GIGABYTE-G5MF5-I7-24G],
,,,
,,,
PC Portable Gamer ASUS TUF Gaming A15 AMD RYZEN 5 24Go RTX 4060,"3 289,000 DT", [TUF507NV-LP099W-24G],
Pc Portable ASUS Zenbook 14X OLED i5 12è Gén 8Go 512Go SSD - Gris,"3 299,000 DT", [UX5401ZA-KN100W],
PC Portable Gamer MSI Katana 15 B12V i5 12è Gén 8Go RTX 4060,"3 299,000 DT", [B12VFK-639XFR],
PC Portable Gamer MSI Katana 17 B12U i5 12è Gén 32Go RTX 3050,"3 309,000 DT", [B12UDXK-421XFR-32G],
PC Portable Gamer LENOVO LOQ 15IRX9 i7 13ème Gén 32Go RTX 3050,"3 315,000 DT", [83DV00JRFG-32G],
PC Portable Gamer GIGABYTE G5 KF5 i5 13è Gén 32Go RTX 4060,"3 329,000 DT", [G5KF5-I5-32G],
APPLE MacBook Air M1 8Go 256Go SSD - Gris,"3 339,000 DT", [MGN63FN-A],
PC Portable Gamer GIGABYTE G5MF5 i7 13è Gén 32Go RTX 4050,"3 349,000 DT", [GIGABYTE-G5MF5-I7-32G],
PC Portable LENOVO ThinkPad L15 Gén 3 i5 12è Gén 8Go 256Go SSD - Noir,"3 349,000 DT", [21C3002RFE],
PC Portable Gamer ASUS TUF Gaming A15 AMD RYZEN 5 32Go RTX 4060,"3 359,000 DT", [TUF507NV-LP099W-32G],
PC Portable Gamer MSI Katana 15 B12V i5 12è Gén 16Go RTX 4060,"3 375,000 DT", [B12VFK-639XFR-16G],
PC Portable Gamer MSI Katana 17 B12V i5 12è Gén 16Go RTX 4050,"3 379,000 DT", [B12VEK-419XFR-16G],
 PC Portable Gamer LENOVO LOQ 15IRX9 i7 13è Gén 16Go RTX 4050,"3 399,000 DT", [83DV00A6FG],
PC Portable LENOVO ThinkPad E16 Gen 1 i7 13è Gén 40Go 512Go SSD - Noir,"3 399,000 DT", [21JN007VFE-40G],
PC Portable Gamer MSI Katana 17 B12U i7 12è Gén 8Go RTX 3050,"3 399,000 DT", [B12UDXK-420XFR],
PC Portable Gamer LENOVO LOQ 15IRH8 i7 13è Gén 16Go RTX 4050,"3 399,000 DT", [82XV00D4FG],
PC Portable LENOVO ThinkPad L14 Gen 5 AMD RYZEN 5 Pro 8Go 512Go SSD - Noir,"3 439,000 DT", [21L50005FE],
PC Portable Gamer LENOVO LOQ 15IRX9 i7 13ème Gén 16Go RTX 4050,"3 449,000 DT", [83DV00JUFG],
PC Portable Gamer ASUS TUF Gaming F17 i7 12è Gén 16Go RTX 3050,"3 449,000 DT", [TUF707ZC4-HX016W],
PC Portable Gamer MSI Katana 15 B12V i5 12è Gén 24Go RTX 4060,"3 449,000 DT", [B12VFK-639XFR-24G],
PC Portable Gamer MSI Katana 17 B12U i7 12è Gén 16Go RTX 3050,"3 479,000 DT", [B12UDXK-420XFR-16G],
PC Portable Gamer ASUS TUF Gaming F17 i7 12è Gén 24Go RTX 3050,"3 509,000 DT", [TUF707ZC4-HX016W-24G],
PC Portable Gamer MSI Katana 15 B12V i5 12è Gén 32Go RTX 4060,"3 519,000 DT", [B12VFK-639XFR-32G],
PC Portable Gamer GIGABYTE G5 KF5 i7 13è Gén 16Go RTX 4060,"3 555,000 DT", [GIGABYTE-G5KF5-I7],
,,,
,,,
PC Portable Gamer ASUS TUF Gaming F17 i7 12è Gén 32Go RTX 3050,"3 559,000 DT", [TUF707ZC4-HX016W-32G],
PC Portable Gamer LENOVO LOQ 15IRH8 i7 13è Gén 16Go RTX 4050,"3 599,000 DT", [82XV00L8FG],
PC Portable Gamer GIGABYTE G5 KF5 i7 13è Gén 24Go RTX 4060,"3 645,000 DT", [GIGABYTE-G5KF5-I7-24G],
PC Portable Gamer GIGABYTE G5MF5 i7 13è Gén 64Go RTX 4050,"3 659,000 DT", [GIGABYTE-G5MF5-I7-64G],
PC Portable ASUS ExpertBook B9 B9400 i7 12ème Gén 16Go 1To SSD - Noir,"3 729,000 DT", [B9400CBA-KC0644],
PC Portable Gamer GIGABYTE G5 KF5 i7 13è Gén 32Go RTX 4060,"3 745,000 DT", [GIGABYTE-G5KF5-I7-32G],
PC Portable HP EliteBook 650 i5 13è Gén 16Go 512Go SSD - Silver,"3 759,000 DT", [9G2P6ET],
Tablette Pc Portable HUAWEI MateBook E i7 12è Gén 16G 512Go SSD - Gris,"3 789,000 DT", [BU-DIRACR-W7651T],
Tablette Pc Portable HUAWEI MateBook E i7 12è Gén 16Go 512Go SSD - Gris,"3 789,000 DT", [DIRACR-W7651T],
PC Portable DELL Latitude 5540 i7 13è Gén 16Go 512Go SSD - Gris,"3 829,000 DT", [5540-I7-3Y],
PC Portable HP ENVY x360 2-in-1 15-fe0001nk i7 13è Gén 16Go 512Go SSD - Silver,"3 869,000 DT", [845J9EA],
PC Portable DELL Latitude 5440 i7 13è Gén 16Go 512G SSD - Gris,"3 899,000 DT", [5440-I7-512SSD-3Y],
PC Portable DELL Latitude 5540 i7 13è Gén 32Go 512Go SSD - Gris,"3 989,000 DT", [5540-I7-3Y-32G],
PC Portable Gamer GIGABYTE G5 KF5 i7 13è Gén 64Go RTX 4060,"3 999,000 DT", [GIGABYTE-G5KF5-I7-64G],
PC Portable ASUS ExpertBook B9 OLED Intel Core 7 150U 16Go 1To SSD - Noir,"3 999,000 DT", [B9403CVAR-KM1095],
PC Portable HP Spectre x360 2-in-1 14-ef2003nk i5 13è Gén 16Go 512Go SSD - Noir,"4 155,000 DT", [845A1EA],
PC Portable LENOVO ThinkPad T14 Gen 4 i5 13è Gén 16Go 1To SSD - Noir,"4 199,000 DT", [21HES2TL00],
PC Portable Gamer HP OMEN 16-k0010nk i5 12è Gén 16Go RTX 3060,"4 249,000 DT", [6U8Y3EA],
APPLE MacBook Air M2 (2022) 8Go 256Go SSD - Silver,"4 329,000 DT", [MLXY3FN/A],
APPLE MacBook Air M2 (2022) 8Go 256Go SSD - Minuit ,"4 329,000 DT", [MLY33FN-A],
APPLE MacBook Air M2 (2022) 8Go 256Go SSD - Gris Sidéral,"4 335,000 DT", [MLXW3FN/A],
APPLE MacBook Air M2 (2022) 8Go 256Go SSD - Lumière stellaire ,"4 335,000 DT", [MLY13FN-A],
PC Portable LENOVO ThinkPad T14 Gen 4 i5 13è Gén 16G 1To SSD - Noir,"4 349,000 DT", [21HESCDE00],
PC Portable Gamer MSI KATANA 17 B13V i7 13è Gén 16Go RTX 4060,"4 429,000 DT", [B13VFK-1043FR],
,,,
,,,
PC Portable ASUS TUF Gaming A16 Advantage Edition AMD Ryzen 9 16Go 512Go SSD ,"4 539,000 DT", [FA617XS-N4085W],
APPLE MacBook Air M3 8Go 256Go SSD - Silver,"4 589,000 DT", [MRXQ3FN/A],
APPLE MacBook Air M3 8Go 256Go SSD - Gris Sidéral ,"4 589,000 DT", [MRXN3FN/A],
APPLE MacBook Air M3 8Go 256Go SSD - Minuit,"4 589,000 DT", [MRXV3FN/A],
PC Portable Gamer MSI KATANA 17 B13V i7 13è Gén 32Go RTX 4060,"4 609,000 DT", [B13VFK-1043FR-32G],
PC Portable ASUS ExpertBook B9 OLED i7 13è Gén 16Go 1To SSD - Noir,"4 759,000 DT", [B9403CVA-KM0274],
Pc Portable HP ENVY 15-ep1144nf i5 11è Gén 16Go 512 Go SSD ,"4 785,000 DT", [601F2EA],
Pc Portable HP ENVY 15-ep0005nk i5 10è Gén 16Go 512Go SSD,"4 889,000 DT", [455Y9EA],
PC Portable Gamer HP OMEN 16-n0007nk AMD RYZEN 7 16Go RTX 3070Ti,"4 929,000 DT", [6U8Y8EA],
PC Portable HP ENVY x360 2-in-1 15-fe0000nk i7 13è Gén 16Go RTX 3050 - Silver,"4 989,000 DT", [845N4EA],
PC Portable ASUS TUF Gaming F15 i7 13è Gén 8Go RTX 4070,"4 989,000 DT", [TUF507VI-LP089W],
PC Portable ASUS TUF Gaming A15 AMD RYZEN 9 8Go RTX 4070,"4 995,000 DT", [TUF507UI-LP063W],
PC Portable LENOVO ThinkPad L13 Yoga Gen 4 i7 13è Gén 16Go 512Go SSD - Noir,"4 999,000 DT", [21FJ0028FE],
PC Portable Gamer LENOVO Légion Pro 5 16ARX8 AMD RYZEN 7 16Go RTX 4050,"4 999,000 DT", [82WM00CCFG],
PC Portable Gamer LENOVO Légion Pro 5 16ARX8 AMD RYZEN 7 24Go RTX 4050,"5 075,000 DT", [82WM00CCFG-24G],
PC Portable LENOVO ThinkPad T16 Gen 1 i7 12è Gén 32Go 512Go SSD - Noir,"5 089,000 DT", [21BWS1H60Y-QWERTY],
Pc Portable ASUS Zenbook S 13 OLED Ultra 7 155U 32Go 1To SSD - Gris,"5 119,000 DT", [UX5304MA-NQ039W],
PC Portable Gamer LENOVO Légion Pro 5 16ARX8 AMD RYZEN 7 32Go RTX 4050,"5 139,000 DT", [82WM00CCFG-32G],
PC Portable ASUS TUF Gaming F15 i7 13è Gén 32Go RTX 4070,"5 229,000 DT", [TUF507VI-LP089W-32G],
PC Portable Gamer LENOVO Légion Pro 5 16IRX8 i7 13è Gén 16Go RTX 4060,"5 299,000 DT", [82WK00B9FG],
PC Portable Gamer LENOVO Légion 5 16IRX9 i7 14è Gén 16Go RTX 4060,"5 385,000 DT", [83DG0067FG],
PC Portable HP EliteBook 840 G10 i7 13è Gén 16Go 512Go SSD - Silver,"5 399,000 DT", [96Z63ET],
PC Portable LENOVO ThinkPad L13 Yoga Gen 4 i7 13è Gén 32Go 1To SSD - Noir,"5 439,000 DT", [21FKS21400],
Pc Portable HP EliteBook 860 G10 i7 13è Gén 8Go 256Go SSD - Silver,"5 449,000 DT", [8A3L2EA],
PC Portable LENOVO ThinkPad T14s Gen 4 i7 13è Gén 32Go 1To SSD - Noir,"5 499,000 DT", [21F7S6KF00],
,,,
,,,
PC Portable Gamer LENOVO Légion 5 16IRX9 i7 14è Gén 16G RTX 4060,"5 499,000 DT", [BU-83DG0067FG],
PC Portable ASUS TUF Gaming F15 i7 13è Gén 64Go RTX 4070,"5 539,000 DT", [TUF507VI-LP089W-64G],
PC Portable LENOVO ThinkPad L13 2-en-1 Gen 5 Ultra 7 165U 32Go 1To SSD - Noir,"5 549,000 DT", [21LNS0DK00],
APPLE MacBook Air M2 8Go 512Go SSD - Lumière stellaire,"5 589,000 DT", [MLY23FN/A],
PC Portable DELL Latitude 7450 Ultra 7 165U 16Go 512Go SSD - Gris,"5 599,000 DT", [LAT-7450-512],
APPLE MacBook Air M2 (2023) 8Go 256Go SSD - Silver ,"5 619,000 DT", [MQKR3FN/A],
APPLE MacBook Air M2 (2023) 8Go 256Go SSD - Lumière stellaire ,"5 629,000 DT", [MQKU3FN/A],
APPLE MacBook Air M2 8Go 512Go SSD - Minuit,"5 779,000 DT", [MQKX3FN/A],
PC Portable Gamer GIGABYTE AORUS 16X ASG i7 14è Gén 16Go RTX 4070,"5 879,000 DT", [AORUS-16X-ASG-I7],
PC Portable Gamer ASUS ROG Strix G16 i9 14è Gén 16Go RTX 4060,"6 415,000 DT", [G614JVR-N4084W],
PC Portable Gamer LENOVO Légion 5 Pro 16ARH7H AMD RYZEN 9 16Go RTX 3070TI,"6 439,000 DT", [82RG00AQFG],
PC Portable Gamer LENOVO Légion Pro 5 16IRX8 i7 13è Gén 16Go RTX 4070,"6 499,000 DT", [82WK00JYFG],
PC Portable Gamer LENOVO Légion Pro 5 16IRX9 i9 14è Gén 32Go RTX 4060,"6 929,000 DT", [83DF00D6FG],
PC Portable Gamer LENOVO Légion Pro 5 16ARX8 AMD RYZEN 9 16Go RTX 4070,"6 999,000 DT", [82WM00CDFG],
PC Portable Gamer GIGABYTE AORUS 16X ASG i9 14è Gén 32Go RTX 4070,"7 059,000 DT", [AORUS-16X-ASG-I9],
APPLE MacBook Pro M3 (2023) 8Go 512Go SSD - Gris Sidéral,"7 129,000 DT", [MTL73FN/A],
PC Portable Gamer ASUS ROG Strix G16 i9 14è Gén 32Go RTX 4060,"7 249,000 DT", [G614JVR-N4165W],
PC Portable DELL Latitude 7350 2-en-1 Ultra 7 165U 16Go 512Go SSD - Gris,"7 299,000 DT", [LAT-7350],
PC Portable LENOVO ThinkPad X1 Carbon Gen 11 i7 13è Gén 32Go 1To SSD - Noir,"7 299,000 DT", [21HNSH3Y00],
PC Portable LENOVO ThinkPad X1 Carbon Gen 12 Ultra 7 155U 32Go 1To SSD – Noir,"7 559,000 DT", [21KDS0K800],
PC Portable Gamer ASUS ROG Strix G16 i9 14è Gén 32Go RTX 4070,"8 119,000 DT", [G614JIR-N4063W],
APPLE MacBook Pro M3 Pro 18Go 512Go SSD - Silver,"8 779,000 DT", [MRX63FN/A],
APPLE MacBook Pro M3 Pro 18Go 512Go SSD - Noir Sidéral ,"8 779,000 DT", [MRX33FN/A],
PC Portable DELL Latitude 7350 Détachable Ultra 7 164U 32Go 512Go SSD - Bleu,"9 699,000 DT", [LAT-7350-TAB],
APPLE MacBook Pro M3 Pro 18Go 1To SSD - Noir Sidéral,"10 499,000 DT", [MRX43FN/A],
,,,
,,,
APPLE MacBook Pro M3 Pro 18Go 512Go SSD - Noir Sidéral ,"10 689,000 DT", [MRW13FN/A],
PC Portable Gamer ASUS ROG Zephyrus G16 Ultra 9 185H 32Go RTX 4080,"11 159,000 DT", [GU605MZ-QR092W],
,,,
,,,
