title,price
Pc Portable Schneider SCL141CTP / Quad Core / 2 Go,"319,000 DT"
PC PORTABLE SCHNEIDER SCL142ALM /  4GO /  32GO,"429,000 DT"
Pc Portable Lenovo V15 G4 AMN / AMD Dual Core / 8 Go,"725,000 DT"
Pc Portable Lenovo V15 G4 AMN / AMD Dual Core / 8 Go Avec SACOCHE Offert,"729,000 DT"
Pc Portable HP 15-FD0028NK / 4 Go / Gold / Windows 11,"769,000 DT"
Pc Portable HP 15-fd0030nk / 4 Go / Windows 11 / Gris,"769,000 DT"
Pc Portable HP 15-fd0029nk / Intel N100 / 4 Go / Windows 11 / Bleu,"769,000 DT"
Pc Portable Thomson N14I310 / i3-10110U / 8 Go / 256 Go SSD / Windows 11,"769,000 DT"
PC PORTABLE LENOVO IP1 / ATHLON SILVER 7120U / 8G 256SSD /  GREY /  Windows 11 AVEC SACOCHE OFFERT,"775,000 DT"
Pc Portable HP 15-fd0030nk / 4 Go / Windows 11 / Gris AVEC SACOCHE OFFERTE,"779,000 DT"
Pc Portable HP 15-FD0028NK / 4 Go / Gold / Windows 11 AVEC SACOCHE OFFERTE,"779,000 DT"
Pc Portable HP 15-fd0029nk / Intel N100 / 4 Go / Windows 11 / Bleu AVEC SACOCHE OFFERTE,"779,000 DT"
PC Portable Lenovo IdeaPad 1 15IGL7 / Intel Celeron N4020 / 8 Go / 256 Go SSD / Bleu / Windows 11 + Sacoche Lenovo T210 Offerte,"785,000 DT"
PC Portable Lenovo IdeaPad 1 15IGL7 / Intel Celeron N4020 / 8 Go / 256 Go SSD / Gris / Windows 11 + Sacoche Lenovo T210 Offerte,"785,000 DT"
Pc Portable Lenovo V15 G4 AMN / AMD Dual Core / 8 Go / WINDOWS 11 PRO,"785,000 DT"
Pc Portable HP 15-fd0029nk / Intel N100 / 8 Go / Windows 11 / Bleu,"789,000 DT"
Pc Portable HP 15-fd0030nk / 8 Go / Windows 11 / Gris,"789,000 DT"
PC PORTABLE HP 15-FD0038NK / INTEL N100 / 4 GO / WINDOWS 11,"789,000 DT"
Pc Portable HP 15-FD0028NK / 8 Go / Gold / Windows 11,"789,000 DT"
Pc Portable HP 15-fd0029nk / Intel N100 / 8 Go / Windows 11 / Bleu AVEC SACOCHE OFFERTE,"799,000 DT"
PC PORTABLE HP 15-FD0038NK / INTEL N100 / 4 GO / WINDOWS 11 + SACOCHE OFFERTE,"799,000 DT"
Pc Portable HP 15-FD0028NK / 8 Go / Gold / Windows 11 AVEC SACOCHE OFFERTE,"799,000 DT"
"Pc Portable HP 15-fd0030nk / 8 Go / Windows 11 / Gris Avec Sac pour Pc Portable 15.6"" Noir","799,000 DT"
Pc Portable HP 15-fd0029nk / Intel N100 / 4 Go / Windows 11 / Bleu + Sac à dos HP Offert,"809,000 DT"
PC PORTABLE HP 15-FD0038NK / INTEL N100 / 8 GO / WINDOWS 11,"809,000 DT"
PC PORTABLE HP 15-FD0038NK / INTEL N100 / 8 GO / WINDOWS 11 + SACOCHE OFFERTE,"819,000 DT"
Pc Portable HP 15-FD0028NK / 16 Go / Gold / Windows 11,"829,000 DT"
Pc Portable HP 15-fd0029nk / Intel N100 / 16 Go / Windows 11 / Bleu,"829,000 DT"
Pc Portable HP 15-fd0030nk / 16 Go / Windows 11 / Gris,"829,000 DT"
"Pc Portable HP 15-fd0030nk / 16 Go / Windows 11 / Gris Avec Sac pour Pc Portable 15.6"" Noir","839,000 DT"
Pc Portable HP 15-fd0029nk / Intel N100 / 16 Go / Windows 11 / Bleu AVEC SACOCHE OFFERTE,"839,000 DT"
Pc Portable HP 15-FD0028NK / 16 Go / Gold / Windows 11 AVEC SACOCHE OFFERTE,"839,000 DT"
PC PORTABLE HP 15-FD0038NK / INTEL N100 / 16 GO / WINDOWS 11,"849,000 DT"
PC PORTABLE HP 15-FD0038NK / INTEL N100 / 16 GO / WINDOWS 11 + SACOCHE OFFERTE,"859,000 DT"
PC Portable HP 15-fc0020nk / Ryzen 3 7320U / 4 Go / 256 Go SSD / Bleu / Windows 11,"869,000 DT"
Pc Portable HP 15-fd0029nk / Intel N100 / 8 Go / Windows 11 / Bleu + SAC À DOS HP OFFERT,"869,000 DT"
Pc Portable DELL Vostro 3520 / i3-1215U / 4 Go / 256 Go SSD / Noir,"869,000 DT"
Pc Portable DELL Vostro 3520 / i3-1215U / 4 Go / 256 Go SSD / Noir Avec SACOCHE Offert,"879,000 DT"
Pc Portable DELL Vostro 3520 / i3-1215U / 8 Go / 256 Go SSD / Noir,"885,000 DT"
Pc Portable DELL Vostro 3520 / i3-1215U / 8 Go / 256 Go SSD / Noir Avec SACOCHE Offert,"899,000 DT"
Pc Portable HP 15-fd0029nk / Intel N100 / 16 Go / Windows 11 / Bleu+ SAC À DOS HP OFFERT,"909,000 DT"
Pc Portable DELL Vostro 3520 / i3-1215U / 12 Go / 256 Go SSD / Noir,"925,000 DT"
"Pc Portable DELL Vostro 3520 / Écran 15,6"" HD / 4 Go / Noir","929,000 DT"
Pc Portable DELL Vostro 3520 / i3-1215U / 12 Go / 256 Go SSD / Noir Avec SACOCHE Offert,"935,000 DT"
Pc portable ASUS Chromebook 14 CX1400CNA / Intel Celeron N3350 / 8 Go / Chrome ZTE / Silver,"939,000 DT"
"Pc Portable DELL Vostro 3520 / Écran 15,6"" HD / 4 Go / Noir Avec SACOCHE Offert","939,000 DT"
Pc Portable DELL Vostro 3520 / i3-1215U / 8 Go / 256 Go SSD / Windows 11 pro / Noir,"945,000 DT"
Pc Portable DELL Vostro 3520 / i3-1215U / 8 Go / 512 Go SSD / Noir,"959,000 DT"
Pc Portable DELL Vostro 3520 / i3-1215U / 20 Go / 256 Go SSD / Noir,"965,000 DT"
"PC PORTABLE LENOVO 15.6"" HD IP1 R3-7320U / 8GB 512SSD /  WINDOWS 11 / GRIS","969,000 DT"
Pc Portable DELL Vostro 3520 / i3-1215U / 20 Go / 256 Go SSD / Noir Avec SACOCHE Offert,"979,000 DT"
Pc Portable DELL Vostro 3520 / i3-1215U / 12 Go / 512 Go SSD / Noir,"979,000 DT"
Pc Portable DELL Vostro 3520 / i3-1215U / 12 Go / 256 Go SSD / Windows 11 pro / Noir,"985,000 DT"
Pc Portable DELL Vostro 3520 / i3-1215U / 8 Go / Noir,"1 005,000 DT"
Pc Portable DELL Vostro 3520 / i3-1215U / 8 Go / 512 Go SSD / Noir Avec SACOCHE Offert,"1 009,000 DT"
Pc Portable DELL Vostro 3520 / i3-1215U / 16 Go / 512 Go SSD / Noir,"1 009,000 DT"
Pc Portable Lenovo V15 G3 IAP / I3 12 ème gén  / 8 Go + Sacoche T210 Offerte,"1 015,000 DT"
Pc Portable DELL Vostro 3520 / i3-1215U / 8 Go / Noir Avec SACOCHE Offert,"1 015,000 DT"
Pc Portable HP 15-fd0030nk / 32 Go / Windows 11 / Gris,"1 019,000 DT"
Pc Portable Lenovo IdeaPad Slim 3 15IRU8 / i3-1305U / 8 Go / Gris / Avec Sacoche Lenovo Offerte,"1 019,000 DT"
Pc Portable Lenovo IdeaPad 3 15IAU7 / i3-1215U / 8 Go / 512 Go SSD / Windows 11 / Bleu + Sacoche Lenovo Offerte,"1 019,000 DT"
Pc Portable Lenovo IdeaPad 1 15IAU7 / i3-1215U / 8 Go / Gris / Avec Sac Lenovo Offert,"1 019,000 DT"
Pc Portable Lenovo IdeaPad 3 15IAU7 / i3-1215U / 8 Go / 512 Go SSD / Windows 11 / Gris + Sacoche Lenovo Offerte,"1 019,000 DT"
Pc Portable DELL Vostro 3520 / i3-1215U / 12 Go / 512 Go SSD / Noir Avec SACOCHE Offert,"1 029,000 DT"
Pc Portable HP 15-FD0028NK / 32 Go / Gold / Windows 11,"1 029,000 DT"
Pc Portable HP 15-fd0029nk / Intel N100 / 32 Go / Windows 11 / Bleu,"1 038,000 DT"
Pc Portable DELL Vostro 3520 / i3-1215U / 12 Go / Noir,"1 039,000 DT"
Pc Portable Lenovo IdeaPad 1 15IAU7 / i3-1215U / 12 Go / Gris / Avec Sac Lenovo Offert,"1 039,000 DT"
Pc Portable Asus VivoBook 15 X1504 / i3 13è Gén / 4 Go / Win11 / Silver,"1 049,000 DT"
Pc Portable Asus VivoBook 15 X1504 / i3 13è Gén / 4 Go / Win11 / Bleu,"1 049,000 DT"
Pc Portable DELL Vostro 3520 / i3-1215U / 12 Go / Noir Avec SACOCHE Offerte,"1 049,000 DT"
Pc Portable DELL Vostro 3520 / i3-1215U / 24 Go / 512 Go SSD / Noir,"1 055,000 DT"
Pc Portable Lenovo V15 G3 IAP / I3 12 ème gén  / 12 Go + Sacoche T210 Offerte,"1 055,000 DT"
Pc Portable Asus VivoBook 15 X1504 / i3 13è Gén / 4 Go / Win11 / Silver Avec SACOCHE Offerte,"1 055,000 DT"
Pc Portable DELL Vostro 3520 / i3-1215U / 8 Go / 512 Go SSD /Windows 11 pro /Noir,"1 059,000 DT"
Pc Portable HP 15-fd0029nk / Intel N100 / 32 Go / Windows 11 / Bleu  + Sac à dos HP Offert,"1 059,000 DT"
Pc Portable DELL Vostro 3520 / i3-1215U / 16 Go / 512 Go SSD / Noir Avec SACOCHE Offert,"1 065,000 DT"
Pc Portable Asus VivoBook 15 X1504 / i3 13è Gén / 8 Go / Win11 / Bleu,"1 069,000 DT"
Pc Portable Lenovo IdeaPad 1 15IAU7 / i3-1215U / 24 Go / Gris / Avec Sac Lenovo Offert,"1 069,000 DT"
Pc Portable Asus VivoBook 15 X1504 / i3 13è Gén / 8 Go / Win11 / Silver,"1 069,000 DT"
Pc Portable Lenovo IdeaPad 1 15IAU7 / i3-1215U / 16 Go / Gris / Avec Sac Lenovo Offert,"1 079,000 DT"
Pc Portable DELL Vostro 3520 / i3-1215U / 16 Go / Windows 11 / Noir,"1 084,000 DT"
Pc Portable Lenovo IdeaPad Slim 3 15IRU8 / i3-1305U / 8 Go / Windows 11 Pro / Gris / Avec Sacoche Lenovo Offerte,"1 089,000 DT"
PC PORTABLE LENOVO V15 I3-1215U 8G 512GSSD +  Sacoche  Offerte,"1 089,000 DT"
"PC PORTABLE DELL VOSTRO I3-1215U 8G 512SSD 15.6"" Windows 11","1 091,000 DT"
Pc Portable Asus VivoBook 15 X1504 / i3-1315U / 8 Go / 256 Go SSD / Windows 11 / Bleu,"1 099,000 DT"
Pc Portable Asus VivoBook 15 X1504 / i3 13è Gén / 8 Go / Win11 / Silver,"1 099,000 DT"
Pc Portable Asus VivoBook 15 X1504 / i3 13è Gén / 8 Go / Win11 / Silver + Cadeau surprise,"1 099,000 DT"
Pc Portable Asus VivoBook 15 X1504 / i3-1315U / 8 Go / 256 Go SSD / Windows 11 / Bleu + Cadeau surprise,"1 099,000 DT"
Pc Portable Lenovo IdeaPad 3 15IAU7 / i3-1215U / 16 Go / 512 Go SSD / Windows 11 / Bleu + Sacoche Lenovo Offerte,"1 099,000 DT"
PC PORTABLE LENOVO V15 / I3-1215U / 12 Go / 512 Go SSD +  Sacoche  Offerte,"1 109,000 DT"
Pc Portable Asus VivoBook 15 X1504 / i3 13è Gén / 12 Go / Win11 / Bleu,"1 109,000 DT"
Pc Portable DELL Vostro 3520 / i3-1215U / 32 Go / 512 Go SSD / Noir,"1 109,000 DT"
Pc Portable Asus VivoBook 15 X1504 / i3 13è Gén / 12 Go / Win11 / Silver,"1 109,000 DT"
Pc Portable Lenovo V15 G3 IAP / i3-1215U / 16 Go / 512 Go SSD / Windows 11 Pro / Noir Avec Sacoche + Souris Lenovo,"1 109,000 DT"
Pc Portable HP 15-FD0056NK / i3-N305 / 8 Go / 256 Go SSD / Gold,"1 109,000 DT"
Pc Portable HP 15-FD0060NK / i3-N305 / 8 Go / 256Go SSD / Silver,"1 109,000 DT"
Pc Portable HP 15-FD0057NK / i3-N305 / 8 Go / 256SSD /  Bleu,"1 109,000 DT"
Pc Portable DELL Vostro 3530 / i3-1305U / 8 Go / Noir,"1 109,000 DT"
Pc Portable Lenovo IdeaPad 1 15IAU7 / i3-1215U / 24 Go / Gris / Avec Sac Lenovo Offert,"1 119,000 DT"
Pc Portable Asus VivoBook 15 X1504 / i3 13è Gén / 12 Go / Win11 / Bleu,"1 119,000 DT"
Pc Portable Asus VivoBook 15 X1504 / i3 13è Gén / 12 Go / Win11 / Bleu+ Cadeau surprise,"1 119,000 DT"
Pc Portable Asus VivoBook 15 X1504 / i3 13è Gén / 12 Go / Win11 / Silver  + Cadeau surprise,"1 119,000 DT"
Pc Portable Asus VivoBook 15 X1504 / i3 13è Gén / 12 Go / Win11 / Silver,"1 119,000 DT"
Pc Portable DELL Vostro 3520 / i3-1215U / 12 Go / 512 Go SSD /  Windows 11 pro / Noir,"1 119,000 DT"
Pc Portable DELL Vostro 3530 / i3-1305U / 8 Go / Noir Avec SACOCHE Offerte,"1 119,000 DT"
Pc portable Asus ExpertBook B2 B2502CBA / I3-1215U /  8Go / 512Go SSD / Windows 11 / Bleu,"1 129,000 DT"
Pc Portable HP 15-FC0030NK / Ryzen 3 7320U / 8 Go / Windows 11 / Gold,"1 129,000 DT"
Pc portable ASUS ASUS Chromebook 15 CX1500CKA / Intel Pentium Silver N6000 / 8 Go / Chrome ZTE / Silver,"1 129,000 DT"
Pc Portable Lenovo V15 G3 IAP / i3-1215U / 24 Go / 512 Go SSD / Windows 11 Pro / Noir Avec Sacoche + Souris Lenovo,"1 129,000 DT"
Pc Portable DELL Vostro 3520 / i3-1215U / 12 Go / Noir,"1 130,000 DT"
Pc Portable Lenovo IdeaPad 3 15IAU7 / i3-1215U / 24 Go / 512 Go SSD / Windows 11 / Bleu + Sacoche Lenovo Offerte,"1 139,000 DT"
Pc Portable DELL Vostro 3530 / i3-1305U / 12 Go / Noir,"1 139,000 DT"
Pc Portable HP 15-FC0030NK / Ryzen 3 7320U / 8 Go / Windows 11 / Gold,"1 139,000 DT"
Pc Portable DELL Vostro 3530 / i3-1305U / 12 Go / Noir Avec SACOCHE Offerte,"1 149,000 DT"
PC PORTABLE LENOVO V15 I3-1215U  / 8G 512GSSD /   Windows 11 Pro + Sacoche  Offerte,"1 149,000 DT"
Pc Portable Asus VivoBook 15 X1504 / i3 13è Gén / 20 Go / Win11 / Bleu,"1 149,000 DT"
Pc Portable Asus VivoBook 15 X1504 / i3 13è Gén / 20 Go / Win11 / Silver,"1 149,000 DT"
PC PORTABLE LENOVO V15 / I3-1215U / 16 Go / 512 Go SSD +  Sacoche  Offerte,"1 149,000 DT"
Pc Portable Asus VivoBook 15 X1504 / i3 13è Gén / 16 Go / Win11 / Silver + Cadeau surprise,"1 159,000 DT"
Pc Portable Asus VivoBook 15 X1504 / i3 13è Gén / 16 Go / Win11 / Silver,"1 159,000 DT"
Pc Portable Asus VivoBook 15 X1504 / i3 13è Gén / 8 Go / Win11 / Silver  Avec SACOCHE Offerte,"1 159,000 DT"
Pc Portable Asus VivoBook 15 X1504 / i3 13è Gén / 16 Go / Win11 / Bleu + Cadeau surprise,"1 159,000 DT"
Pc Portable Asus VivoBook 15 X1504 / i3 13è Gén / 8 Go / Win11 / Bleu Avec SACOCHE Offerte,"1 159,000 DT"
Pc Portable DELL Vostro 3520 / i3-1215U / 16 Go / 512 Go SSD / WINDOWS 11 PROFESSIONNEL / Noir,"1 159,000 DT"
Pc Portable Asus VivoBook 15 X1504 / i3 13è Gén / 16 Go / Win11 / Bleu,"1 159,000 DT"
Pc Portable HP 15-fd0053nk / i3-N305 / 8 Go / 512 Go SSD / Silver,"1 169,000 DT"
Pc Portable HP 15-fd0055nk / i3-N305 / 8 Go / 512 Go SSD / Noir,"1 169,000 DT"
Pc Portable DELL Vostro 3530 / i3-1305U / 16 Go / Noir,"1 169,000 DT"
PC PORTABLE LENOVO V15 / I3-1215U / 12 Go / 512 Go SSD +  Sacoche  Offerte /  WINDOWS 11Pro,"1 169,000 DT"
Pc Portable HP 15-fd0051nk / i3-N305 / 8 Go / 512 Go SSD / Gold,"1 169,000 DT"
Pc Portable DELL Vostro 3530 / i3-1305U / 16 Go / Noir Avec SACOCHE Offerte,"1 179,000 DT"
Pc portable Asus ExpertBook B2 B2502CBA / I3-1215U /  16Go / 512Go SSD / Windows 11 / Bleu,"1 189,000 DT"
PC PORTABLE LENOVO V15 / I3-1215U / 24 Go / 512 Go SSD +  Sacoche  Offerte,"1 189,000 DT"
Pc Portable DELL Vostro 3520 / i3-1215U / 24 Go / 512 Go SSD /  Windows 11 pro /Noir,"1 199,000 DT"
Pc Portable Asus VivoBook 15 X1504 / i3 13è Gén / 24 Go / Win11 / Silver + Cadeau surprise,"1 199,000 DT"
Pc Portable Asus VivoBook 15 X1504 / i3 13è Gén / 24 Go / Win11 / Bleu,"1 199,000 DT"
Pc Portable Asus VivoBook 15 X1504 / i3 13è Gén / 24 Go / Win11 / Bleu + Cadeau surprise,"1 199,000 DT"
Pc Portable Asus VivoBook 15 X1504 / i3 13è Gén / 24 Go / Win11 / Silver,"1 199,000 DT"
Pc Portable DELL Vostro 3530 / i3-1305U / 24 Go / Noir,"1 209,000 DT"
PC PORTABLE LENOVO V15 / I3-1215U / 16 Go / 512 Go SSD +  Sacoche  Offerte / WINDOWS 11Pro,"1 209,000 DT"
Pc Portable DELL Vostro 3530 / i3-1305U / 24 Go / Noir Avec SACOCHE Offerte,"1 219,000 DT"
Pc Portable DELL Vostro 3520 / i3-1215U / 16 Go / 512 Go SSD / Noir,"1 219,000 DT"
Pc portable Asus ExpertBook B2 B2502CBA / I3-1215U /  24 Go / 512Go SSD / Windows 11 / Bleu,"1 229,000 DT"
Pc Portable HP 15-fd0055nk / i3-N305 / 16 Go / 512 Go SSD / Noir,"1 229,000 DT"
Pc Portable HP 15-fd0053nk / i3-N305 / 8 Go / 512 Go SSD / WINDOWS 11 / Silver,"1 229,000 DT"
Pc Portable HP 15-fd0053nk / i3-N305 / 16 Go / 512 Go SSD / Silver,"1 229,000 DT"
Pc Portable HP 15-fd0055nk / i3-N305 / 8 Go / 512 Go SSD / Noir / Windows 11 Pro,"1 229,000 DT"
Pc Portable HP 15-fd0051nk / i3-N305 / 16 Go / 512 Go SSD / Gold,"1 229,000 DT"
Pc Portable HP 15-fd0051nk / i3-N305 / 8 Go / 512 Go SSD / Gold / Windows 11 Pro,"1 229,000 DT"
Pc Portable Asus VivoBook 15 X1504 / i3 13è Gén / 20 Go / Win11 / Bleu  Avec SACOCHE Offerte,"1 239,000 DT"
Pc Portable Lenovo V15 G4 AMN / Ryzen 5 7520U / 8 Go / 512 Go SSD / Noir,"1 239,000 DT"
Pc Portable HP15-FD0027NK / i3-N305 / 8 Go / Windows 11 / Gris,"1 245,000 DT"
Pc Portable HP15-FD0026NK / i3-N305 / 8 Go / Windows 11 / Bleu,"1 245,000 DT"
PC PORTABLE LENOVO V15 / I3-1215U / 24 Go / 512 Go SSD +  Sacoche  Offerte / WINDOWS 11Pro,"1 249,000 DT"
Pc Portable DELL Vostro 3520 / i3-1215U / 32 Go / 512 Go SSD / Windows 11 Pro / Noir Avec SACOCHE Offert,"1 259,000 DT"
Pc Portable HP15-FD0026NK / i3-N305 / 8 Go / Windows 11 / Bleu +  SAC À DOS HP OFFERT,"1 269,000 DT"
Pc Portable HP15-FD0027NK / i3-N305 / 8 Go / Windows 11 / Gris  + Sac à dos HP Offert,"1 269,000 DT"
Pc Portable DELL Vostro 3530 / i3-1305U / 32 Go / Noir,"1 279,000 DT"
Pc Portable DELL Vostro 3520 / i5-1235U / 8 Go / 256 Go SSD / WINDOWS 11 PRO / Noir,"1 279,000 DT"
Pc Portable HP 15-fc0018nk / Ryzen 3 7320U / 8 Go / Bleu,"1 279,000 DT"
Pc portable Asus ExpertBook B2 B2502CBA / I3-1215U /  32 Go / 512Go SSD / Windows 11 / Bleu,"1 284,000 DT"
Pc Portable HP 15-fd0053nk / i3-N305 / 16 Go / 512 Go SSD / WINDOWS 11 / Silver,"1 289,000 DT"
Pc Portable DELL Vostro 3530 / i3-1305U / 32 Go / Noir Avec SACOCHE Offerte,"1 289,000 DT"
Pc Portable Asus VivoBook 15 X1504 / i3-1315U / 8 Go / 256 Go SSD / Windows 11 / Bleu   Avec Imprimante À Réservoir Intégré Couleur Epson EcoTank L121,"1 289,000 DT"
Pc Portable HP 15-fc0018nk / Ryzen 3 7320U / 8 Go / Bleu AVEC SACOCHE OFFERTE,"1 289,000 DT"
Pc Portable HP 15-fd0055nk / i3-N305 / 16 Go / 512 Go SSD / Noir / Windows 11 Pro,"1 289,000 DT"
Pc Portable Asus VivoBook 15 X1504 / i3-1315U / 8 Go / 256 Go SSD / Windows 11 / Silver Avec Imprimante À Réservoir Intégré Couleur Epson EcoTank L121,"1 289,000 DT"
Pc Portable HP15-FD0026NK / i3-N305 / 16 Go / Windows 11 / Bleu,"1 295,000 DT"
Pc Portable HP15-FD0027NK / i3-N305 / 16 Go / Windows 11 / Gris,"1 295,000 DT"
Pc Portable DELL Vostro 3520 / i5-1235U / 16 Go / 256 Go SSD / Noir,"1 299,000 DT"
Pc Portable Lenovo V15 G4 AMN / Ryzen 5 7520U / 8 Go / 512 Go SSD / Noir / WINDOWS 11,"1 299,000 DT"
Pc Portable DELL VOSTRO 3520 / i5-1235U / 8 Go / 512 Go SSD / Noir,"1 299,000 DT"
PC Portable Lenovo IdeaPad 1 15ALC7 / Ryzen 5 5500U / 8 Go / 512 Go SSD / Bleu / Windows 11 Avec Sacoche Lenovo Offerte,"1 299,000 DT"
PC Portable Lenovo IdeaPad Slim 3 15AMN8 / Ryzen 5 7520U / 8 Go / 512 Go SSD / Gris / Windows 11 Avec Sacoche Lenovo Offerte,"1 309,000 DT"
Pc Portable Asus VivoBook 15 X1504 / i3-1315U / 12 Go / 256 Go SSD / Windows 11 / Silver + Imprimante À Réservoir Intégré Couleur Epson L121,"1 309,000 DT"
Pc Portable Asus VivoBook 15 X1504 / i3-1315U / 12 Go / 256 Go SSD / Windows 11 / Bleu   Avec Imprimante À Réservoir Intégré Couleur Epson EcoTank L121,"1 309,000 DT"
PC Portable Lenovo IdeaPad Slim 3 15AMN8 / Ryzen 5 7520U / 8 Go / 512 Go SSD / Gris / Windows 11 Avec Sacoche Lenovo Offerte,"1 309,000 DT"
Pc Portable DELL Vostro 3520 / i5-1235U / 16 Go / 256 Go SSD / Noir AVEC SACOCHE OFFERTE,"1 309,000 DT"
Pc Portable HP 15-fc0018nk / Ryzen 3 7320U / 8 Go /Silver,"1 319,000 DT"
Pc Portable HP15-FD0027NK / i3-N305 / 16 Go / Windows 11 / Gris   + Sac à dos HP Offert,"1 319,000 DT"
Pc Portable HP15-FD0026NK / i3-N305 / 16 Go / Windows 11 / Bleu + SAC À DOS HP OFFERT,"1 319,000 DT"
Pc Portable DELL VOSTRO 3520 / i5-1235U / 12 Go / 512 Go SSD / Noir,"1 319,000 DT"
PC Portable Lenovo IdeaPad 1 15ALC7 / Ryzen 5 5500U / 12 Go / 512 Go SSD / Bleu / Windows 11 Avec Sacoche Lenovo Offerte,"1 319,000 DT"
Pc Portable HP 15-fd0051nk / i3-N305 / 32 Go / 512 Go SSD / Gold,"1 329,000 DT"
Pc Portable HP 15-fc0018nk / Ryzen 3 7320U / 8 Go /Silver AVEC SACOCHE OFFERTE,"1 329,000 DT"
Pc Portable Asus VivoBook 15 X1504 / i3-1315U / 16 Go / 256 Go SSD / Windows 11 / Bleu   Avec Imprimante À Réservoir Intégré Couleur Epson EcoTank L121,"1 349,000 DT"
Pc Portable DELL Vostro 3520 / i5-1235U / 8 Go / Noir,"1 349,000 DT"
Pc Portable Asus VivoBook 15 X1504 / i3-1315U / 16 Go / 256 Go SSD / Windows 11 / Silver + Imprimante À Réservoir Intégré Couleur Epson L121,"1 349,000 DT"
PC Portable Lenovo IdeaPad 1 15ALC7 / Ryzen 5 5500U / 16 Go / 512 Go SSD / Bleu / Windows 11 Avec Sacoche Lenovo Offerte,"1 355,000 DT"
Pc Portable DELL VOSTRO 3520 / i5-1235U / 16 Go / 512 Go SSD / Noir,"1 359,000 DT"
Pc Portable DELL VOSTRO 3520 / i5-1235U / 8 Go / 512 Go SSD / Windows 11 Pro / Noir,"1 359,000 DT"
Pc Portable HP 15-fd0053nk / i3-N305 / 32 Go / 512 Go SSD / Silver,"1 359,000 DT"
Pc Portable HP 15-fd0055nk / i3-N305 / 32 Go / 512 Go SSD / Noir,"1 359,000 DT"
PC PORTABLE LENOVO IP1 / AMD Ryzen5 7520U / 16G 512SSD /  GRIS /  Windows 11 AVEC SACOCHE OFFERT,"1 389,000 DT"
PC Portable Acer Swift 3 SF314 / i5 11é Gén / 8 Go / 256 Go SSD / Bleu,"1 389,000 DT"
Pc Portable HP15-FD0026NK / i3-N305 / 32 Go / Windows 11 / Bleu,"1 389,000 DT"
Pc Portable Asus VivoBook 15 X1504 / i3-1315U / 24 Go / 256 Go SSD / Windows 11 / Silver + Imprimante À Réservoir Intégré Couleur Epson L121,"1 389,000 DT"
Pc Portable Asus VivoBook 15 X1504 / i3-1315U / 24 Go / 256 Go SSD / Windows 11 / Bleu   Avec Imprimante À Réservoir Intégré Couleur Epson EcoTank L121,"1 389,000 DT"
Pc Portable HP15-FD0027NK / i3-N305 / 32 Go / Windows 11 / Gris,"1 390,000 DT"
PC Portable Lenovo IdeaPad 1 15ALC7 / Ryzen 5 5500U / 24 Go / 512 Go SSD / Bleu / Windows 11 Avec Sacoche Lenovo Offerte,"1 399,000 DT"
Pc Portable DELL VOSTRO 3520 / i5-1235U / 24 Go / 512 Go SSD / Noir,"1 399,000 DT"
PC Portable DELL Vostro 3520 / i5-1235U / 32 Go / 256 Go SSD / Noir,"1 399,000 DT"
Pc Portable HP15-FD0026NK / i3-N305 / 32 Go / Windows 11 / Bleu AVEC SACOCHE OFFERTE,"1 399,000 DT"
PC Portable DELL Vostro 3520 / i5-1235U / 32 Go / 256 Go SSD / Noir AVEC SACOCHE OFFERTE,"1 409,000 DT"
Pc Portable HP15-FD0026NK / i3-N305 / 32 Go / Windows 11 / Bleu  + SAC À DOS HP OFFERT,"1 415,000 DT"
Pc Portable HP15-FD0027NK / i3-N305 / 32 Go / Windows 11 / Gris   + Sac à dos HP Offert,"1 435,000 DT"
Pc Portable DELL Vostro 3520 / i5-1235U / 32Go / Noir,"1 439,000 DT"
Pc Portable DELL VOSTRO 3520 / i5-1235U / 24 Go / 512 Go SSD / Windows 11 Pro / Noir,"1 459,000 DT"
Pc Portable DELL VOSTRO 3520 / i5-1235U / 32 Go / 512 Go SSD / Noir,"1 465,000 DT"
Pc Portable HP 15-fd0267nk / i5-1334U / 8 Go / 256 Go SSD / Gris,"1 469,000 DT"
Pc Portable Lenovo IdeaPad 3 15IAU7 / i5-1235U / 8 Go / 512 Go SSD / Windows 11 / Gris,"1 469,000 DT"
Pc Portable Lenovo IdeaPad 3 15IAU7 / i5-1235U / 8 Go / 512 Go SSD / Windows 11 / Bleu + Sacoche Lenovo Offerte,"1 469,000 DT"
Pc Portable HP 15-fc0018nk / Ryzen 5 7520U / 8 Go / Silver,"1 469,000 DT"
PC portable Lenovo IdeaPad Slim 3 15IAH8 / i5-12450H / 8 Go / 512 Go SSD / Gris Avec Sacoche Lenovo T210 Offerte,"1 469,000 DT"
Pc Portable Lenovo IdeaPad 3 15IAU7 / i5-1235U / 12 Go / 512 Go SSD / Windows 11 / Gris,"1 489,000 DT"
Pc Portable dynabook SATTELITE PRO L50-J-10S / i3 11é Gén / 8 Go,"1 495,000 DT"
Pc Portable HP 15-fc0016nk / Ryzen 5 7520U / 8 Go / Silver / Windows 11,"1 499,000 DT"
Pc Portable Lenovo IdeaPad 3 15IAU7 / i5-1235U / 16 Go / 512 Go SSD / Windows 11 / Gris,"1 529,000 DT"
PC Portable Lenovo IdeaPad 1 15ALC7 / Ryzen 5 5500U / 8 Go / 512 Go SSD / Bleu / Windows 11 Avec Sacoche Lenovo Offerte  + Imprimante À Réservoir Intégré Couleur Epson L121,"1 529,000 DT"
PC PORTABLE LENOVO V15 I5-13420H 8G 512GSSD +  Sacoche  Offerte,"1 549,000 DT"
Pc Portable ASUS Vivobook 15 X1502ZA / i5-1235U / 16 Go / 512 Go SSD / Windows 11 Avec Sac à Dos Offert,"1 549,000 DT"
PC Portable Lenovo IdeaPad 1 15ALC7 / Ryzen 5 5500U / 12 Go / 512 Go SSD / Bleu / Windows 11 Avec Sacoche Lenovo Offerte + Imprimante À Réservoir Intégré Couleur Epson L121,"1 549,000 DT"
PC PORTABLE LENOVO V15 / I5-13420H / 12 Go / 512 Go SSD +  Sacoche  Offerte,"1 569,000 DT"
Pc Portable Lenovo IdeaPad 3 15IAU7 / i5-1235U / 24 Go / 512 Go SSD / Windows 11 / Gris,"1 569,000 DT"
Pc Portable DELL VOSTRO 3520 / i5-1235U / 32 Go / 512 Go SSD / Windows 11 Pro /  Noir,"1 575,000 DT"
Pc portable Asus ExpertBook B2 B2502CBA / I3-1215U /  64 Go / 512Go SSD / Windows 11 / Bleu,"1 584,000 DT"
PC Portable Lenovo IdeaPad 1 15ALC7 / Ryzen 5 5500U / 16 Go / 512 Go SSD / Bleu / Windows 11 Avec Sacoche Lenovo Offerte + Imprimante À Réservoir Intégré Couleur Epson L121,"1 585,000 DT"
Pc Portable Asus VivoBook 15 X1502VA / i5-13500H / 8 Go / Windows 11 / Silver,"1 589,000 DT"
Pc Portable Asus VivoBook 15 X1502VA / i5 13è Gén / 8 Go / Win11 / Bleu,"1 589,000 DT"
Pc Portable HP 250 G10 / Ryzen 5 7530U / 4 Go / 1 To SSD / Noir,"1 599,000 DT"
PC PORTABLE LENOVO V15 / I5-13420H / 16 Go / 512 Go SSD +  Sacoche  Offerte,"1 609,000 DT"
Pc Portable Asus VivoBook 15 X1502VA / i5-13500H / 12 Go / Windows 11 / Silver,"1 609,000 DT"
PC PORTABLE LENOVO V15 I5-13420H 8G 512GSSD / Windows 11  +  Sacoche  Offerte,"1 609,000 DT"
Pc Portable HP 15-fd0097nk / i5-1334U / 8 Go / 512 Go SSD / Noir,"1 619,000 DT"
Pc Portable HP 15-fd0093nk / i5-1334U / 8 Go / 512 Go SSD / Gold,"1 619,000 DT"
Pc Portable HP 15-fd0094nk / i5-1334U / 8 Go / 512 Go SSD / Bleu,"1 619,000 DT"
Pc Portable HP 15-fd0095nk / i5-1334U / 8 Go / 512 Go SSD / Silver,"1 619,000 DT"
PC Portable Lenovo IdeaPad 1 15ALC7 / Ryzen 5 5500U / 24 Go / 512 Go SSD / Bleu / Windows 11 Avec Sacoche Lenovo Offerte + Imprimante À Réservoir Intégré Couleur Epson L121,"1 629,000 DT"
Pc Portable HP 15-fd0094nk / i5-1334U / 12 Go / 512 Go SSD / Bleu,"1 635,000 DT"
Pc Portable HP 15-fd0093nk / i5-1334U / 12 Go / 512 Go SSD / Gold,"1 635,000 DT"
Pc Portable HP 15-fd0095nk / i5-1334U / 12 Go / 512 Go SSD / Silver,"1 639,000 DT"
Pc Portable Asus VivoBook 15 X1502VA / i5-13500H / 16 Go / Windows 11 / Silver,"1 649,000 DT"
PC PORTABLE LENOVO V15 / I5-13420H/ 24 Go / 512 Go SSD +  Sacoche  Offerte,"1 649,000 DT"
Pc Portable ASUS VivoBook 16 X1605VA / i5-13500H / 8 Go / 512 Go SSD,"1 659,000 DT"
Pc Portable HP 250 G10 / Ryzen 5 7530U / 8 Go / 1 To SSD / Noir,"1 659,000 DT"
PC PORTABLE  HP15-FD0041NK / i5-1334U / 8G 512SSD / Windows 11/ Gold,"1 659,000 DT"
PC PORTABLE  HP15-FD0041NK / i5-1334U / 8G 512SSD / Windows 11/ BLUE,"1 659,000 DT"
Pc Portable HP 15-fd0094nk / i5-1334U / 16 Go / 512 Go SSD / Bleu,"1 669,000 DT"
Pc Portable HP 15-fd0095nk / i5-1334U / 16 Go / 512 Go SSD / Silver,"1 669,000 DT"
Pc Portable HP 15-FD0022NK / I5-1335U / 8 Go / Windows 11 / Silver,"1 669,000 DT"
Pc Portable HP 15-fd0093nk / i5-1334U / 16 Go / 512 Go SSD / Gold,"1 669,000 DT"
Pc Portable HP 15-fd0097nk / i5-1334U / 16 Go / 512 Go SSD / Noir,"1 669,000 DT"
PC PORTABLE LENOVO V15 / I5-13420H / 16 Go / 512 Go SSD / Windows 11 +  Sacoche  Offerte,"1 669,000 DT"
Pc Portable HP 250 G10 / Ryzen 5 7530U / 12 Go / 1 To SSD / Noir,"1 669,000 DT"
PC PORTABLE  HP15-FD0041NK / i5-1334U / 12G 512SSD / Windows 11/ BLUE,"1 679,000 DT"
Pc Portable ASUS VivoBook 16 X1605VA / i5-13500H / 12 Go / 512 Go SSD,"1 679,000 DT"
PC PORTABLE  HP15-FD0041NK / i5-1334U / 12G 512SSD / Windows 11/ Gold,"1 679,000 DT"
Pc Portable Asus VivoBook 15 X1502VA / i5-13500H / 24 Go / Windows 11 / Silver,"1 689,000 DT"
Pc Portable HP 15-fd0093nk / i5-1334U / 12 Go / 512 Go SSD /  Windows 11 PRO /Gold,"1 695,000 DT"
Pc Portable HP 250 G10 / Ryzen 5 7530U / 16 Go / 1 To SSD / Noir,"1 699,000 DT"
Pc Portable Lenovo IdeaPad 1 15ALC7 / Ryzen 7 5700U / 8 Go / 512 Go SSD / Gris Avec SACOCHE LENOVO Offert,"1 699,000 DT"
Pc Portable HP 15-fd0095nk / i5-1334U / 12 Go / 512 Go SSD / Windows 11 Pro / Silver,"1 699,000 DT"
Pc Portable HP 15-fd0095nk / i5-1334U / 24 Go / 512 Go SSD / Silver,"1 715,000 DT"
Pc Portable HP 15-fd0094nk / i5-1334U / 24 Go / 512 Go SSD / Bleu,"1 715,000 DT"
PC PORTABLE  HP15-FD0041NK / i5-1334U / 16G 512SSD / Windows 11/ BLUE,"1 719,000 DT"
Pc Portable ASUS VivoBook 16 X1605VA / i5-13500H / 16 Go / 512 Go SSD,"1 719,000 DT"
Pc Portable Lenovo IdeaPad 1 15ALC7 / Ryzen 7 5700U / 12 Go / 512 Go SSD / Gris Avec SACOCHE LENOVO Offert,"1 719,000 DT"
Pc Portable HP 15-fd0093nk / i5-1334U / 24 Go / 512 Go SSD / Gold,"1 719,000 DT"
PC PORTABLE  HP15-FD0041NK / i5-1334U / 16G 512SSD / Windows 11/ Gold,"1 719,000 DT"
PC PORTABLE  HP15-FD0042NK / i5-1334U / 16G 512SSD / Windows 11/ Silver,"1 719,000 DT"
Pc Portable HP 15-fd0093nk / i5-1334U / 16 Go / 512 Go SSD / WINDOOWS 11 PRO / Gold,"1 729,000 DT"
PC portable Lenovo IdeaPad Slim 3 15ABR8 / Ryzen 7 7730U / 8 Go / Windows 11 / Gris,"1 729,000 DT"
Pc Portable HP 15-fd0095nk / i5-1334U / 16 Go / 512 Go SSD / Windows 11 Pro / Silver,"1 729,000 DT"
Pc Portable HP 250 G10 / Ryzen 5 7530U / 24 Go / 1 To SSD / Noir,"1 759,000 DT"
Pc Portable Lenovo IdeaPad 1 15ALC7 / Ryzen 7 5700U / 16 Go / 512 Go SSD / Gris Avec SACOCHE LENOVO Offert,"1 759,000 DT"
PC PORTABLE  HP15-FD0041NK / i5-1334U / 24G 512SSD / Windows 11/ BLUE,"1 759,000 DT"
Pc Portable ASUS VivoBook 16 X1605VA / i5-13500H / 24 Go / 512 Go SSD,"1 759,000 DT"
PC PORTABLE  HP15-FD0041NK / i5-1334U / 24G 512SSD / Windows 11/ Gold,"1 759,000 DT"
Pc Portable HP 15-fd0095nk / i5-1334U / 24 Go / 512 Go SSD / Windows 11 Pro / Silver,"1 775,000 DT"
Pc Portable HP 250 G10 / Ryzen 5 7530U / 32 Go / 1 To SSD / Noir,"1 799,000 DT"
Pc Portable Lenovo IdeaPad 1 15ALC7 / Ryzen 7 5700U / 24 Go / 512 Go SSD / Gris Avec SACOCHE LENOVO Offert,"1 799,000 DT"
Pc Portable DELL Vostro 3530 / i5-1335U / 8 Go / Noir,"1 799,000 DT"
Pc Portable dynabook SATTELITE PRO L50-J-10Z / i5 11é Gén / 8 Go / Noir,"1 813,000 DT"
Pc Portable dynabook SATTELITE PRO L50-J-10D / i5 11é Gén / 8 Go,"1 813,000 DT"
Pc Portable DELL Vostro 3530 / i5-1335U / 12 Go / Noir,"1 819,000 DT"
Pc Portable HP 15-fd0097nk / i5-1334U / 32 Go / 512 Go SSD / Noir,"1 824,000 DT"
Pc Portable HP ProBook 455 G9 / AMD Ryzen 5 / 8 Go,"1 829,000 DT"
PC PORTABLE HP 14-ep0002nk / i5 13è Gén / 8 Go,"1 845,000 DT"
Pc Portable DELL Vostro 3530 / i5-1335U / 16 Go / Noir,"1 859,000 DT"
Pc Portable DELL VOSTRO 3520 / i7-1255U / 8 Go / 512 Go SSD / Noir,"1 859,000 DT"
Pc Portable HP 15-FD0032NK / I5-1335U / 8 Go / Windows 11 / Bleu,"1 869,000 DT"
Pc Portable DELL VOSTRO 3520 / i7-1255U / 12 Go / 512 Go SSD / Noir,"1 879,000 DT"
Pc Portable Asus VivoBook S15 M3502QA / Ryzen 5 5600H / 8 Go / Win11 / Vert,"1 889,000 DT"
Pc Portable HP ProBook 455 G9 / AMD Ryzen 5 / 16 Go,"1 889,000 DT"
Pc Portable DELL Vostro 3530 / i5-1335U / 24 Go / Noir,"1 899,000 DT"
Pc Portable DELL Vostro 3530 / i5-1335U / 8 Go / 512 Go SSD / Noir,"1 905,000 DT"
Pc Portable DELL Vostro 3530 / i5-1335U / 16 Go / Noir / Windows 11 Pro,"1 907,000 DT"
Pc Portable ASUS VivoBook 16 X1605VA / i5-13500H / 40 Go / 512 Go SSD,"1 909,000 DT"
Pc portable Lenovo Ideapad Flex 5 14ALC7 / Ryen 5 5500U / 8 Go / Gris + Stylet Numérique,"1 909,000 DT"
Pc Portable HP 15-fd0045nk / i5-1334U / MX570A 2G / 12 Go / Windows 11 / Gold + Sac à dos HP Offert,"1 909,000 DT"
Pc Portable DELL VOSTRO 3520 / i7-1255U / 16 Go / 512 Go SSD / Noir,"1 919,000 DT"
Pc Portable HP 15-fc0014nk / Ryzen 7 7730U / 8 Go / 512 Go SSD / Windows 11 / Silver,"1 929,000 DT"
Pc Portable HP 15-fd0045nk / i5-1334U / MX570A 2G / 16 Go / Windows 11 / Gold,"1 929,000 DT"
Pc Portable HP HP 250 G10 / i5-1334U / 8 Go / 512 Go SSD / Noir,"1 929,000 DT"
Pc Portable HP ProBook 455 G9 / AMD Ryzen 5 / 24 Go,"1 929,000 DT"
Pc Portable Lenovo ThinkBook 16 G6 IRL / i5-1335U / 16 Go DDR5 / 512 Go SSD / Windows 11 Pro / Gris Avec SACOCHE LENOVO Offert,"1 954,000 DT"
Pc Portable DELL VOSTRO 3520 / i7-1255U / 24 Go / 512 Go SSD / Noir,"1 959,000 DT"
PC PORTABLE LENOVO IP1 / 15IAU7 I7-1255U / 8G 512SSD /  AVEC SACOCHE OFFERT,"1 969,000 DT"
PC Portable Lenovo IdeaPad Gaming 3 / Ryzen 5 5500H / RTX 2050 4G / 144Hz  / 16 Go / 512 Go SSD / Noir,"1 969,000 DT"
Pc Portable HP ProBook 455 G9 / AMD Ryzen 5 / 32 Go,"1 979,000 DT"
Pc Portable Asus VivoBook 17 X1704VA / i5 13è Gén / 8 Go / Win11 / Silver,"1 979,000 DT"
Pc Portable Asus VivoBook 17 X1704VA / i5 13è Gén / 8 Go / Win11 / Bleu,"1 979,000 DT"
PC Portable Dell Latitude 3530 / i5 12è Gén / 8 Go / 512 Go SSD,"1 989,000 DT"
PC PORTABLE LENOVO IP1 / 15IAU7 I7-1255U / 12G 512SSD /  AVEC SACOCHE OFFERT,"1 989,000 DT"
Pc Portable HP 15-fc0014nk / Ryzen 7 7730U / 12 Go / 512 Go SSD / Windows 11 / Silver,"1 989,000 DT"
Pc Portable DELL Vostro 3530 / i5-1335U / 32 Go / Noir,"1 995,000 DT"
Pc Portable Asus VivoBook 17 X1704VA / i5 13è Gén / 12 Go / Win11 / Bleu,"1 999,000 DT"
Pc Portable Lenovo IdeaPad Flex 5 14ABR8 / Ryzen 5 7530U / 8 Go / 512 Go SSD / Windows 11 / Gris,"1 999,000 DT"
"Pc portable Dell Latitude 3540 / I5 13è Gén / 8 Go 256SSD 15.6"" FHD","1 999,000 DT"
Pc Portable HP ProBook 440 G9  / i5-1235U 12e Gén / 8 Go / Silver,"1 999,000 DT"
Pc Portable Asus VivoBook 17 X1704VA / i5 13è Gén / 12 Go / Win11 / Silver,"1 999,000 DT"
Pc Portable Huawei MateBook D15 BOHRD-WDH9DL / i5 11è Gén / 8 Go + Souris Huawei Bluetooth + Routeur Huawei + Adaptateur Multiports,"1 999,000 DT"
PC Portable HP 15s-FQ5000NK / i7-1255U / 8 Go / Silver,"2 009,000 DT"
Pc Portable DELL VOSTRO 3520 / i7-1255U / 32 Go / 512 Go SSD / Noir,"2 014,000 DT"
Pc Portable HP ProBook 440 G9 / i5-1235U 12e Gén / 12 Go / Silver,"2 019,000 DT"
Pc Portable Asus VivoBook 17 X1704VA / i5 13è Gén / 16 Go / Win11 / Bleu,"2 019,000 DT"
Pc Portable Asus VivoBook 17 X1704VA / i5 13è Gén / 16 Go / Win11 / Silver,"2 019,000 DT"
Pc Portable HP 15-FD0033NK / I5-1335U / 32 Go / Windows 11 / SILVER,"2 019,000 DT"
PC Portable Lenovo IdeaPad Gaming 3 / Ryzen 5 5500H / RTX 2050 4G / 144Hz / 24 Go / 512 Go SSD / Noir,"2 029,000 DT"
PC PORTABLE LENOVO IP1 / 15IAU7 I7-1255U / 16G 512SSD /  AVEC SACOCHE OFFERT,"2 029,000 DT"
PC PORTABLE LENOVO IDEAPAD GAMING 3 15ACH6 AMD RYZEN 5 / 16GO / RTX 2050 /  NOIR,"2 039,000 DT"
Pc Portable Asus VivoBook 17 X1704VA / i5 13è Gén / 24 Go / Win11 / Bleu,"2 059,000 DT"
Pc Portable HP ProBook 440 G9 / i5-1235U 12e Gén / 16 Go / Silver,"2 059,000 DT"
Pc Portable Asus VivoBook 17 X1704VA / i5 13è Gén / 24 Go / Win11 / Silver,"2 059,000 DT"
PC PORTABLE LENOVO IP1 / 15IAU7 I7-1255U / 24G 512SSD /  AVEC SACOCHE OFFERT,"2 069,000 DT"
PC Portable Lenovo IdeaPad Gaming 3 / Ryzen 5 5500H / RTX 2050 4G / 144Hz / 32 Go / 512 Go SSD / Noir,"2 069,000 DT"
Pc Portable DELL Inspiron 15 3530 / i5-1335U / MX550 2G / 8 Go / 512 Go / Windows 11 / Silver,"2 079,000 DT"
PC Portable MSI Thin GF63 12UCX 682XFR / i5-12450H / RTX 2050 4G / 8 Go,"2 079,000 DT"
PC PORTABLE LENOVO IDEAPAD GAMING 3 15ACH6 AMD RYZEN 5 / 24GO / RTX 2050 /  NOIR,"2 095,000 DT"
Pc Portable HP ProBook 440 G9 / i5-1235U 12e Gén / 24 Go / Silver,"2 099,000 DT"
Pc Portable Asus VivoBook 15 X1502VA / i7 13è Gén / 8 Go / Win11 / Silver,"2 099,000 DT"
PC Portable ASUS TUF Gaming A15 FA506NF / Ryzen 5 7535HS / RTX 2050 4G / 8 Go / Windows 11 / Noir,"2 099,000 DT"
PC Portable MSI Thin GF63 12UCX 682XFR / i5-12450H / RTX 2050 4G / 12 Go,"2 099,000 DT"
Pc Portable Asus VivoBook 15 X1502VA / i7 13è Gén / 8 Go / Win11 / Bleu,"2 099,000 DT"
Pc Portable Asus VivoBook 15 X1502VA / i7 13è Gén / 12 Go / Win11 / Bleu,"2 119,000 DT"
PC Portable HP ProBook 450 G8 / i5 11è Gén / 256 Go SSD / 4 Go,"2 129,000 DT"
PC Portable MSI Thin GF63 12UCX / i5-12450H / RTX 2050 4G / 8 Go  + Sac à dos G34 Offert,"2 129,000 DT"
PC PORTABLE LENOVO IDEAPAD GAMING 3 15ACH6 AMD RYZEN 5 / 32GO / RTX 2050 /  NOIR,"2 135,000 DT"
PC Portable MSI Thin GF63 12UCX 682XFR / i5-12450H / RTX 2050 4G / 16 Go,"2 139,000 DT"
PC PORTABLE LENOVO FLEX5   / i5 1235U / 8 Go / 512SSD Gris,"2 139,000 DT"
Pc Portable ASUS VivoBook 16 X1605VA / i7-13700H / 8 Go / 512 Go SSD,"2 139,000 DT"
PC Portable MSI Thin GF63 12UCX 682XFR / i5-12450H / RTX 2050 4G / 8 Go / Windows 11 Pro,"2 145,000 DT"
PC Portable HP15-FD0021NK / i7 13è Gén  / 8 Go / WIN11 / Bleu,"2 149,000 DT"
Pc Portable Gamer Lenovo LOQ 15IRH8 / i5-12450H / RTX 2050 4G / 8 Go / Windows 11 / Gris / Avec Souris RVB Lenovo LOQ M100,"2 149,000 DT"
PC Portable Lenovo Ideapad Flex 5 14IAU7 / i5 1235U / 8 Go / Bleu,"2 149,000 DT"
PC Portable HP15-FD0020NK / i7 13è Gén  / 8 Go / WIN11 / Gold,"2 149,000 DT"
PC Portable MSI Thin GF63 12UCX-682XFR / i5-12450H / RTX 2050 4G / 12 Go  + Sac à dos G34 Offert,"2 149,000 DT"
PC Portable MSI Thin GF63 12UCX 682XFR / i5-12450H / RTX 2050 4G / 20 Go,"2 149,000 DT"
Pc Portable HP ProBook 440 G9 / i5-1235U 12e Gén / 32 Go / Silver,"2 154,000 DT"
Pc Portable Dell Latitude 3540 / i5-1335U / 8 Go / 512 Go SSD,"2 155,000 DT"
"Pc portable Dell Latitude 3540 / I5 13è Gén / 32 Go 256SSD 15.6"" FHD","2 155,000 DT"
Pc Portable Asus VivoBook 15 X1502VA / i7 13è Gén / 16 Go / Win11 / Bleu,"2 159,000 DT"
Pc Portable Lenovo ThinkBook 16 G6 IRL / i7-13700H / 8 Go DDR5 / 512 Go SSD / Gris Avec SACOCHE LENOVO Offert,"2 159,000 DT"
PC portable Lenovo LOQ 15IRH8 / i5-12450H / RTX 2050 4G / 8 Go / Gris / Windows 11 Pro Avec Souris RVB Lenovo LOQ M100,"2 159,000 DT"
Pc Portable ASUS VivoBook 16 X1605VA / i7-13700H / 12 Go / 512 Go SSD,"2 159,000 DT"
Pc Portable Asus VivoBook 15 X1502VA / i7 13è Gén / 16 Go / Win11 / Silver,"2 159,000 DT"
PC Portable MSI Thin GF63 12UCX 682XFR / i5-12450H / RTX 2050 4G / 12 Go / Windows 11 Pro,"2 169,000 DT"
Pc Portable Dell Latitude 3540 / i5-1335U / 12 Go / 512 Go SSD,"2 175,000 DT"
PC Portable MSI Thin GF63 12UCX 682XFR / i5-12450H / RTX 2050 4G / 24 Go,"2 175,000 DT"
PC portable Lenovo LOQ 15IRH8 / i5-12450H / RTX 2050 4G / 16 Go / Gris Avec Souris RVB Lenovo LOQ M100,"2 179,000 DT"
Pc Portable HP 15-fd0286nk / i7-1355U / 8 Go / 512 Go SSD / Silver,"2 185,000 DT"
PC Portable HP Pavilion X360 Convertible / I5 12è Gén / 8 Go / Windows 11 / Silver,"2 189,000 DT"
PC Portable HP14-ek1001nk / i5 13è Gén  / 8 Go / WIN11 / Silver,"2 189,000 DT"
PC Portable MSI Thin GF63 12UCX-682XFR / i5-12450H / RTX 2050 4G / 16 Go  + Sac à dos G34 Offert,"2 189,000 DT"
PC Portable ASUS TUF Gaming A15 FA506NF / Ryzen 5 7535HS / RTX 2050 4G / 16 Go / Windows 11 / Noir,"2 195,000 DT"
Pc Portable Gamer ASUS Vivobook 16X S3605ZF / i5-12500H / RTX 2050 4G / 8 Go / 512 Go / Windows 11 / Noir,"2 199,000 DT"
Pc Portable Asus VivoBook 15 X1502VA / i7 13è Gén / 24 Go / Win11 / Silver,"2 199,000 DT"
Pc Portable ASUS VivoBook 16 X1605VA / i7-13700H / 16 Go / 512 Go SSD,"2 199,000 DT"
Pc Portable Asus VivoBook 15 X1502VA / i7 13è Gén / 24 Go / Win11 / Bleu,"2 199,000 DT"
Pc Portable HP 15-fd0286nk / i7-1355U / 12 Go / 512 Go SSD / Silver,"2 205,000 DT"
PC Portable MSI Thin GF63 12UCX / i5-12450H / RTX 2050 4G / 8 Go  + Sac à dos G34 Offert / Windows 11 Pro,"2 209,000 DT"
Pc Portable Dell Latitude 3540 / i5-1335U / 16 Go / 512 Go SSD,"2 215,000 DT"
Pc Portable Gamer Lenovo LOQ 15IRH8 / i5-12450H / RTX 2050 4G / 16 Go / Windows 11 / Gris / Avec Souris RVB Lenovo LOQ M100,"2 225,000 DT"
Pc Portable Dell Latitude 3540 / i5-1335U / 20 Go / 512 Go SSD,"2 229,000 DT"
PC Portable MSI Thin GF63 12UCX 682XFR / i5-12450H / RTX 2050 4G / 32 Go,"2 229,000 DT"
PC Portable MSI Thin GF63 12UCX-682XFR / i5-12450H / RTX 2050 4G / 20 Go  + Sac à dos G34 Offert,"2 239,000 DT"
Pc Portable ASUS VivoBook 16 X1605VA / i7-13700H / 24 Go / 512 Go SSD,"2 239,000 DT"
PC Portable MSI Thin GF63 12UCX-682XFR / i5-12450H / RTX 2050 4G / 12 Go  + Sac à dos G34 Offert / Windows 11 Pro,"2 239,000 DT"
Pc portable Asus TUF Gaming FX506HF / i5 11é Gén / 8 Go / RTX 2050 4G,"2 239,000 DT"
Pc Portable HP 15-fd0286nk / i7-1355U / 16 Go / 512 Go SSD / Silver,"2 245,000 DT"
Pc Portable Dell Latitude 3540 / i5-1335U / 24 Go / 512 Go SSD,"2 255,000 DT"
Pc Portable Asus VivoBook 15 X1502VA / i9 13è Gén / 8 Go / Win11 / Silver,"2 259,000 DT"
Pc Portable ASUS VivoBook 15 X1502VA / i9-13900H / 8 Go / 512 Go SSD / Windows 11 / Bleu,"2 259,000 DT"
PC Portable MSI Thin GF63 12UCX-682XFR / i5-12450H / RTX 2050 4G / 24 Go  + Sac à dos G34 Offert,"2 259,000 DT"
PC Portable MSI Thin GF63 12UCX-682XFR / i5-12450H / RTX 2050 4G / 16 Go  + Sac à dos G34 Offert / Windows 11 Pro,"2 269,000 DT"
Pc portable Asus Zenbook 14 UM425QA / Ryzen 7 5800H / 8 Go,"2 269,000 DT"
Pc Portable HP ProBook 450 G9 / i5 12è Gén / 8 Go / Silver,"2 275,000 DT"
Pc Portable DELL Vostro 3530 / i7-1355U / 8 Go / Noir,"2 275,000 DT"
Pc Portable HP ProBook 440 G9 / i5-1235U 12e Gén / 8 Go / Silver,"2 279,000 DT"
Pc Portable Asus VivoBook 15 X1502VA / i9 13è Gén / 12 Go / Win11 / Silver,"2 279,000 DT"
Pc Portable Gamer LENOVO LOQ 15IAX9 / i5 12è Gén / 16 Go,"2 279,000 DT"
Pc Portable ASUS VivoBook 15 X1502VA / i9-13900H / 12 Go / 512 Go SSD / Windows 11 / Bleu,"2 279,000 DT"
Pc Portable HP 15-fd0286nk / i7-1355U / 24 Go / 512 Go SSD / Silver,"2 285,000 DT"
Pc Portable Dell Latitude 3520 / i5 11è Gén / 8 Go,"2 289,000 DT"
Pc Portable DELL Vostro 3530 / i7-1355U / 12 Go / Noir,"2 295,000 DT"
Pc Portable Gamer Lenovo LOQ 15IRH8 / i5-12450H / RTX 2050 4G / 24 Go / Windows 11 / Gris / Avec Souris RVB Lenovo LOQ M100,"2 295,000 DT"
PC Portable HP Pavilion X360 2en1 14-ek1002nk / i5 13è Gén  / 8 Go / WIN11 / Bleu,"2 299,000 DT"
Pc Portable ASUS Vivobook 16X S3605ZF / i7-12700H / 8 Go / 512 Go / Windows 11 / Noir Avec Sac à DOS ASUS,"2 299,000 DT"
PC Portable MSI Thin GF63 12UCX-682XFR / i5-12450H / RTX 2050 4G / 32 Go + Sac à dos G34 Offert,"2 299,000 DT"
Pc portable MSI Gaming GF63 Thin 11SC 612X / i7 11è Gén / 8 Go / GTX 1650 4G / Windows 11 Pro,"2 299,000 DT"
PC Portable ASUS TUF Gaming A15 FA506NF / Ryzen 5 7535HS / RTX 2050 4G / 24 Go / Windows 11 / Noir,"2 299,000 DT"
Pc Portable Gamer ASUS Vivobook 16X S3605ZF / i5-12500H / RTX 2050 4G / 12 Go / 512 Go / Windows 11 / Noir,"2 305,000 DT"
Pc Portable Asus VivoBook 15 X1502VA / i9 13è Gén / 16 Go / Win11 / Silver,"2 309,000 DT"
Pc Portable Dell Latitude 3540 / i5-1335U / 32 Go / 512 Go SSD,"2 309,000 DT"
Pc Portable ASUS VivoBook 15 X1502VA / i9-13900H / 16 Go / 512 Go SSD / Windows 11 / Bleu,"2 309,000 DT"
PC portable Lenovo LOQ 15IRH8 / i5-12450H / RTX 2050 4G / 32 Go / Gris Avec Souris RVB Lenovo LOQ M100,"2 319,000 DT"
PC Portable HP Pavilion X360 Convertible / I5 12è Gén / 24 Go / Windows 11 / Silver,"2 321,000 DT"
Pc portable Lenovo Ideapad Flex 5 14ALC7 / Ryen 7 5700U / 8 Go / Gris,"2 325,000 DT"
Pc Portable Gamer ASUS Vivobook 16X S3605ZF / i5-12500H / RTX 2050 4G / 16 Go / 512 Go / Windows 11 / Noir,"2 339,000 DT"
Pc Portable Gamer LENOVO LOQ 15IAX9 / i5 12è Gén / 24 Go / RTX 2050 4G,"2 349,000 DT"
PC Portable Asus ExpertBook B1 B1500CEP / i5 11è Gén / 8 Go / Noir,"2 349,000 DT"
Pc Portable Lenovo ThinkBook 16 G6 IRL / i7-13700H / 24 Go DDR5 / 512 Go SSD / Gris Avec SACOCHE LENOVO Offert,"2 359,000 DT"
"Pc Portable HP ProBook 450 / i5-1335U / 8 Go / 256 Go SSD / Argent Avec Sacoche HP 15.6"" Offerte","2 359,000 DT"
Pc Portable ASUS VivoBook 15 X1502VA / i9-13900H / 24 Go / 512 Go SSD / Windows 11 / Bleu,"2 359,000 DT"
PC Portable ASUS TUF Gaming A15 FA506NF / Ryzen 5 7535HS / RTX 2050 4G / 32 Go / Windows 11 / Noir,"2 359,000 DT"
Pc Portable Asus VivoBook 15 X1502VA / i9 13è Gén / 24 Go / Win11 / Silver,"2 359,000 DT"
Pc Portable ASUS Vivobook 16X S3605ZF / i7-12700H / 16 Go / 512 Go / Windows 11 / Noir Avec Sac à DOS ASUS,"2 359,000 DT"
PC Portable Lenovo IdeaPad Flex 5 14ABR8 / Ryzen 5 7530U / 8 Go / 512 Go SSD / Windows 11 / Gris,"2 365,000 DT"
PC Portable MSI Thin GF63 12UCX 681XFR / i7-12650H / RTX 2050 4G / 12 Go,"2 369,000 DT"
Pc Portable HP 15-fd0127nk / i7-1355U / 16 Go / 1 To SSD / Silver,"2 369,000 DT"
Pc Portable Gamer Lenovo LOQ 15IRH8 / i5-12450H / RTX 2050 4G / 32 Go / Windows 11 / Gris / Avec Souris RVB Lenovo LOQ M100,"2 369,000 DT"
Pc Portable Gamer ASUS Vivobook 16X S3605ZF / i5-12500H / RTX 2050 4G / 24 Go / 512 Go / Windows 11 / Noir,"2 379,000 DT"
"Pc Portable HP ProBook 450 / i5-1335U / 12 Go / 256 Go SSD / Argent Avec Sacoche HP 15.6"" Offerte","2 379,000 DT"
Pc Portable ASUS VivoBook 16 X1605VA / i7-13700H /  40 Go / 512 Go SSD,"2 389,000 DT"
Pc Portable Gamer LENOVO LOQ 15IAX9 / i5 12è Gén / 32 Go / RTX 2050 4G,"2 399,000 DT"
Pc Portable ASUS Vivobook 16X S3605ZF / i7-12700H / 24 Go / 512 Go / Windows 11 / Noir Avec Sac à DOS ASUS,"2 399,000 DT"
PC Portable MSI Thin GF63 12UCX 681XFR / i7-12650H / RTX 2050 4G / 8 Go + Sac à Dos MSI G34 Offert,"2 399,000 DT"
PC Portable HP15-fd0017nk / i7 13è Gén  / 8 Go / WIN11 / Gold,"2 399,000 DT"
PC Portable ASUS TUF Gaming A15 FA506NC / Ryzen 5 7535HS / RTX 3050 4G / 8 Go / Windows 11 / Noir,"2 399,000 DT"
Pc portable ASUS ExpertBook B1 B1502CVA / i7-1355U / 16 Go / 512 Go SSD / Noir,"2 399,000 DT"
PC PORTABLE ASUS TUF 507RF / Ryzen 7 6800H / RTX 2050 4G / 8 Go / Windows 11 / Noir,"2 409,000 DT"
PC Portable MSI Thin GF63 12UCX 681XFR / i7-12650H / RTX 2050 4G / 8 Go / Windows 11 Pro,"2 409,000 DT"
Pc Portable Lenovo ThinkBook 16 G6 IRL / i7-13700H / 32 Go DDR5 / 512 Go SSD / Gris Avec SACOCHE LENOVO Offert,"2 409,000 DT"
PC Portable MSI Thin GF63 12UCX 681XFR / i7-12650H / RTX 2050 4G / 12 Go + Sac à Dos MSI G34 Offert,"2 419,000 DT"
PC Portable HP ProBook 450 G10 / i5-1335U / 8 Go / 512 Go SSD,"2 419,000 DT"
"Pc Portable HP ProBook 450 / i5-1335U / 16 Go / 256 Go SSD / Argent Avec Sacoche HP 15.6"" Offerte","2 419,000 DT"
Pc Portable Gamer HP Victus Gaming 15-fb0027nk / Ryzen 7 5800H / RTX 3050 4G / 8 Go /  512 Go SSD / Windows 11,"2 419,000 DT"
Pc Portable Gamer HP Victus Gaming 15-fb0026nk / Ryzen 7 5800H / RTX 3050 4G / 8 Go /  512 Go SSD / Windows 11,"2 419,000 DT"
PC Portable MSI Thin GF63 12UCX 681XFR / i7-12650H / RTX 2050 4G / 20 Go,"2 429,000 DT"
PC Portable MSI Thin GF63 12UCX 681XFR / i7-12650H / RTX 2050 4G / 12 Go / Windows 11 Pro,"2 429,000 DT"
"Pc Portable HP ProBook 450 / i5-1335U / 20 Go / 256 Go SSD / Argent Avec Sacoche HP 15.6"" Offerte","2 434,000 DT"
Pc Portable Gamer HP Victus Gaming 15-fb0035nk / Ryzen 5 5600H / RTX 3050 4G / 32 Go /  512 Go SSD / Windows 11,"2 435,000 DT"
PC PORTABLE LENOVO THINKPAD  I5-1335U / 8 Go / 512SSD  / AVEC SAC LENOVO OFFERT,"2 449,000 DT"
PC portable Lenovo LOQ 15IRH8 / Intel Core i5 12ème Gén / RTX 3050 6G / 8 Go / Gris Avec Souris RVB Lenovo LOQ M100,"2 449,000 DT"
Pc portable Dell Latitude 3440 / I5 13è Gén /  8G 256SSD,"2 449,000 DT"
PC Portable MSI Thin GF63 12UCX 681XFR / i7-12650H / RTX 2050 4G / 16 Go + Sac à Dos MSI G34 Offert,"2 459,000 DT"
"Pc Portable HP ProBook 450 / i5-1335U / 24 Go / 256 Go SSD / Argent Avec Sacoche HP 15.6"" Offerte","2 459,000 DT"
PC Portable MSI Thin GF63 12UCX 681XFR / i7-12650H / RTX 2050 4G / 8 Go / WINDOWS 11  + Sac à Dos MSI G34 Offert,"2 459,000 DT"
"PC PPORTABLE DELL LATITUDE 14"" / 5430 I5-1235U / 8G 256SSD / Windows 11 Pro","2 469,000 DT"
PC PORTABLE LENOVO THINKPAD  I5-1335U / 12 Go / 512SSD  / AVEC SAC LENOVO OFFERT,"2 469,000 DT"
PC PORTABLE ASUS TUF 507RF / Ryzen 7 6800H / RTX 2050 4G / 16 Go / Windows 11 / Noir,"2 469,000 DT"
"PC PPORTABLE DELL LATITUDE 14"" / 5430 I5-1235U / 16G 256SSD / Windows 11 Pro","2 469,000 DT"
PC Portable MSI Thin GF63 12UCX 681XFR / i7-12650H / RTX 2050 4G / 16 Go / WINDOWS 11Pro,"2 469,000 DT"
PC Portable MSI Thin GF63 12UCX 681XFR / i7-12650H / RTX 2050 4G / 20 Go + Sac à Dos MSI G34 Offert,"2 479,000 DT"
PC Portable MSI Thin GF63 12UCX 681XFR / i7-12650H / RTX 2050 4G / 12 Go / WINDOWS 11 + Sac à Dos MSI G34 Offert,"2 489,000 DT"
"PC PPORTABLE DELL LATITUDE 14"" / 5430 I5-1235U / 12G 256SSD / Windows 11 Pro","2 489,000 DT"
PC Portable HP ProBook 450 G10 / i5-1335U / 8 Go / 512 Go SSD,"2 489,000 DT"
PC Portable ASUS TUF Gaming A15 FA506NC / Ryzen 5 7535HS / RTX 3050 4G / 16 Go / Windows 11 / Noir,"2 489,000 DT"
PC Portable MSI Thin GF63 12UCX 681XFR / i7-12650H / RTX 2050 4G / 24 Go + Sac à Dos MSI G34 Offert,"2 499,000 DT"
Pc Portable Asus VivoBook 17 X1704VA / i7 13è Gén / 16 Go / Win11 / Silver,"2 499,000 DT"
Pc Portable Asus VivoBook 17 X1704VA / i7 13è Gén / 16 Go / Win11 / Bleu,"2 499,000 DT"
PC Portable MSI Thin GF63 12UCX 681XFR / i7-12650H / RTX 2050 4G / 8 Go + Sac à Dos MSI G34 Offert / Windows 11 Pro,"2 499,000 DT"
PC Portable ASUS TUF GAMING FX507ZCA / i5-12500H / RTX 3050 4G / 16 Go / Windows 11,"2 499,000 DT"
PC Portable HP15-fd0018nk / i7 13è Gén  / 8 Go / WIN11 / Bleu,"2 499,000 DT"
PC Portable HP15-FD0016NK / i7 13è Gén  / 8 Go / WIN11 / Silver,"2 499,000 DT"
PC PORTABLE ASUS TUF 507RF / Ryzen 7 6800H / RTX 2050 4G / 24 Go / Windows 11 / Noir,"2 505,000 DT"
Pc Portable Gamer HP Victus Gaming 15-fb0024nk / Ryzen 7 5800H / RTX 3050 Ti 4G / 8 Go /  512 Go SSD / Windows 11,"2 509,000 DT"
Pc Portable Gamer HP Victus Gaming 15-fb0025nk / Ryzen 7 5800H / RTX 3050 Ti 4G / 8 Go /  512 Go SSD / Windows 11,"2 509,000 DT"
PC PORTABLE LENOVO THINKPAD  I5-1335U / 16 Go / 512SSD  / AVEC SAC LENOVO OFFERT,"2 509,000 DT"
Pc Portable Asus VivoBook S15 M3502QA / Ryzen 7 5800H / 8 Go / Win11 / Noir,"2 509,000 DT"
PC Portable HP ProBook 450 G10 / i5-1335U / 12 Go / 512 Go SSD,"2 509,000 DT"
"Pc Portable HP ProBook 450 / i5-1335U / 32 Go / 256 Go SSD / Argent Avec Sacoche HP 15.6"" Offerte","2 514,000 DT"
PC Portable HP15-fd0018nk / i7 13è Gén  / 12 Go / WIN11 / Bleu,"2 519,000 DT"
Pc Portable Gamer HP Victus Gaming 15-fb0025nk / Ryzen 7 5800H / RTX 3050 Ti 4G / 12 Go /  512 Go SSD / Windows 11,"2 529,000 DT"
Pc Portable HP ProBook 450 G9 / i5 12è Gén / 8 Go,"2 535,000 DT"
PC Portable ASUS TUF GAMING FX507ZCA / i5-12500H / RTX 3050 4G / 24 Go / Windows 11,"2 545,000 DT"
Pc Portable ASUS Vivobook 16X S3605ZF / i7-12700H / 40 Go / 512 Go / Windows 11 / Noir Avec Sac à DOS ASUS,"2 549,000 DT"
Pc Portable DELL VOSTRO 16 5630 / i5-1340P / 16 Go,"2 549,000 DT"
PC PORTABLE LENOVO THINKPAD  I5-1335U / 24 Go / 512SSD  / AVEC SAC LENOVO OFFERT,"2 549,000 DT"
PC Portable HP ProBook 450 G10 / i5-1335U / 16 Go / 512 Go SSD,"2 549,000 DT"
Pc Portable Asus VivoBook 17 X1704VA / i7 13è Gén / 24 Go / Win11 / Bleu,"2 555,000 DT"
Pc Portable Asus VivoBook 17 X1704VA / i7 13è Gén / 24 Go / Win11 / Silver,"2 555,000 DT"
Pc Portable HP ProBook 450 G9 / i5 12è Gén / 12 Go,"2 555,000 DT"
PC Portable MSI Thin GF63 12UCX 681XFR / i7-12650H / RTX 2050 4G / 32 Go + Sac à Dos MSI G34 Offert,"2 559,000 DT"
Pc portable Dell Gaming G15 5535 / Ryzen 5 7640HS / 8 Go / 512 Go SSD / RTX 3050 6G / Windows 11,"2 559,000 DT"
PC Portable HP15-fd0018nk / i7 13è Gén  / 16 Go / WIN11 / Bleu,"2 559,000 DT"
PC PORTABLE ASUS TUF 507RF / RYZEN 7 6800H / 32 GO / RTX 2050,"2 565,000 DT"
Pc Portable Lenovo ThinkPad E14 Gen 4 / i5-1235U / 8 Go + SACOCHE Lenovo T210 Offerte,"2 569,000 DT"
Pc Portable Gamer HP Victus Gaming 15-fb0025nk / Ryzen 7 5800H / RTX 3050 Ti 4G / 16 Go /  512 Go SSD / Windows 11,"2 569,000 DT"
PC Portable ASUS TUF Gaming A15 FA506NC / Ryzen 5 7535HS / RTX 3050 4G / 24 Go / Windows 11 / Noir,"2 569,000 DT"
"PC PPORTABLE DELL LATITUDE 14"" / 5430 I5-1235U / 24G 256SSD / Windows 11 Pro","2 569,000 DT"
PC portable Lenovo LOQ 15IRH8 / Intel Core i5 12ème Gén / RTX 3050 6G / 16 Go / Gris Avec Souris RVB Lenovo LOQ M100,"2 579,000 DT"
Pc Portable Lenovo ThinkPad E14 Gen 4 / i5-1235U / 8 Go + SACOCHE Lenovo T210 + SOURIS Lenovo M120 Offerts,"2 589,000 DT"
PC Portable HP ProBook 450 G10 / i5-1335U / 24 Go / 512 Go SSD,"2 589,000 DT"
Pc Portable Lenovo ThinkPad E15 Gen 4 / i5-1235U / 8 Go Avec sac Lenovo T210,"2 589,000 DT"
Pc Portable HP ProBook 450 G9 / i5 12è Gén / 16 Go,"2 594,000 DT"
PC Portable HP15-fd0018nk / i7 13è Gén  / 24 Go / WIN11 / Bleu,"2 599,000 DT"
PC PORTABLE LENOVO LOQ 15IRX9 / I5-13450HX / RTX 3050 6G / 16 Go / 512 Go SSD /  / WINDOWS 11 / GRIS,"2 599,000 DT"
PC Portable ASUS TUF GAMING FX507ZCA / i5-12500H / RTX 3050 4G / 32 Go / Windows 11,"2 605,000 DT"
Pc Portable Gamer HP Victus Gaming 15-fb0025nk / Ryzen 7 5800H / RTX 3050 Ti 4G / 24 Go /  512 Go SSD / Windows 11,"2 609,000 DT"
Pc Portable Dell Latitude 3420 / i7 11è Gén / 8 Go,"2 609,000 DT"
Pc Portable Gamer HP Victus Gaming 15-fb0024nk / Ryzen 7 5800H / RTX 3050 Ti 4G / 24 Go /  512 Go SSD / Windows 11,"2 609,000 DT"
PC portable Lenovo LOQ 15IRH8 / Intel Core i5 12ème Gén / RTX 3050 6G / 24 Go / Gris Avec Souris RVB Lenovo LOQ M100,"2 609,000 DT"
Pc Portable Lenovo ThinkBook 16 G7 IML / Ultra 7 155H / 8 Go DDR5 / Gris Avec Sac à Dos Offert,"2 619,000 DT"
Pc portable Dell Gaming G15 5535 / Ryzen 5 7640HS / 16 Go / 512 Go SSD / RTX 3050 6G / Windows 11,"2 619,000 DT"
"PC PPORTABLE DELL LATITUDE 14"" / 5430 I5-1235U / 32G 256SSD / Windows 11 Pro","2 624,000 DT"
Pc Portable HP ProBook 450 G9 / i5 12è Gén / 24 Go,"2 634,000 DT"
Pc Portable Gamer Lenovo IdeaPad Gaming 3 15ARH7 / Ryzen 5 7535HS / RTX 4050 6G / 8 Go DDR5 / 512 Go SSD / Windows 11 / Gris,"2 639,000 DT"
PC portable Lenovo LOQ 15IRH8 / Intel Core i5 12ème Gén / RTX 3050 6G / 16 Go / Gris Avec Souris RVB Lenovo LOQ M100 / Windows 11 Pro,"2 639,000 DT"
Pc Portable Lenovo ThinkPad E14 Gen 4 / i5-1235U / 16 Go + SACOCHE Lenovo T210 + SOURIS Lenovo M120 Offerts,"2 649,000 DT"
PC Portable HP15-fd0018nk / i7 13è Gén  / 32 Go / WIN11 / Bleu,"2 655,000 DT"
PC Portable ASUS TUF Gaming A15 FA506NC / Ryzen 5 7535HS / RTX 3050 4G / 32 Go / Windows 11 / Noir,"2 659,000 DT"
PC Portable LENOVO THINKPAD E16 / i5-1335U 13e Gén / 8 Go,"2 659,000 DT"
PC portable Lenovo LOQ 15IRH8 / Intel Core i5 12ème Gén / RTX 3050 6G / 24 Go / Gris Avec Souris RVB Lenovo LOQ M100 / Windows 11 Pro,"2 669,000 DT"
Pc Portable ASUS Vivobook S 14 Flip TP3402VA / i5-13500H / 8 Go / Windows 11 / Silver,"2 669,000 DT"
PC portable Lenovo LOQ 15IRH8 / Intel Core i5 12ème Gén / RTX 3050 6G / 32 Go / Gris Avec Souris RVB Lenovo LOQ M100,"2 679,000 DT"
PC Portable LENOVO THINKPAD E16 / i5-1335U 13e Gén / 12 Go,"2 679,000 DT"
Pc portable Dell Gaming G15 5535 / Ryzen 5 7640HS / 8 Go / 1 To SSD / RTX 3050 6G / Windows 11,"2 689,000 DT"
PC Portable LENOVO THINKPAD E16 / i5-1335U 13e Gén / 8 Go 512GO / NOIR + Sacoche Lenovo,"2 689,000 DT"
Pc Portable ASUS Vivobook S 14 Flip TP3402VA / i5-13500H / 12 Go / Windows 11 / Silver,"2 689,000 DT"
Pc Portable Lenovo ThinkPad E14 Gen 4 / i5-1235U / 24 Go + SACOCHE Lenovo T210 + SOURIS Lenovo M120 Offerts,"2 689,000 DT"
PC Portable Lenovo Yoga mince 6 14IAP8 / i5-1240P / 8 Go / 512 Go SSD / Gris / Windows 11,"2 695,000 DT"
Pc Portable HP ProBook 450 G9 / i5 12è Gén / 32 Go,"2 695,000 DT"
Pc Portable Dell Latitude 5530 / i5-1235U / 8 Go / 512 Go SSD,"2 699,000 DT"
Pc Portable Lenovo ThinkPad E14 Gen 5 / i5-1335U / 8 Go + SACOCHE Lenovo T210 Offerte,"2 699,000 DT"
Pc Portable HP ProBook 450 G9 / i7 12è Gén / 8 Go / Silver,"2 699,000 DT"
Pc Portable Gamer HP Victus Gaming 15-fa1003nk / i5-13500H / RTX 3050 6G / 16 Go DDR4 / 512 Go SSD / Windows 11 / Noir,"2 699,000 DT"
Pc portable MSI Gaming GF63 12UDX-214XFR / i5-12450H / RTX 3050 6G / 8 Go,"2 699,000 DT"
PC Portable LENOVO THINKPAD E16 / i5-1335U 13e Gén / 12 Go 512GO / NOIR + Sacoche Lenovo,"2 709,000 DT"
Pc Portable Dell Latitude 3540 / i5-1335U de 13e Gén / MX550 2G / 8 Go / 512 Go SSD,"2 709,000 DT"
PC Portable LENOVO THINKPAD E16 / i5-1335U 13e Gén / 16 Go,"2 719,000 DT"
Pc Portable Lenovo IdeaPad Flex 5 14ABR8 / Ryzen 7 7730U / 16 Go / 512 Go SSD / Windows 11 / Gris,"2 719,000 DT"
Pc portable Dell Gaming G15 5535 / Ryzen 5 7640HS / 24 Go / 512 Go SSD / RTX 3050 6G / Windows 11,"2 724,000 DT"
Pc Portable Gamer Lenovo IdeaPad Gaming 3 15ARH7 / Ryzen 5 7535HS / RTX 4050 6G /16 Go DDR5 / 512 Go SSD / Windows 11 / Gris,"2 729,000 DT"
Pc Portable ASUS Vivobook S 14 Flip TP3402VA / i5-13500H / 16 Go / Windows 11 / Silver,"2 729,000 DT"
PC portable Lenovo Yoga mince 6 14IAP8 / i5-1240P / 8 Go / Gris,"2 729,000 DT"
Pc portable MSI Gaming GF 63 12UDX-214XFR / i5-12450H / RTX 3050 6G / 12 Go,"2 729,000 DT"
PC PORTABLE LENOVO LOQ 15IRX9 / I5-13450HX / RTX 3050 6G / 24 Go / 512 Go SSD /  / WINDOWS 11 / GRIS,"2 739,000 DT"
PC portable Lenovo LOQ 15IRH8 / Intel Core i5 12ème Gén / RTX 3050 6G / 32 Go / Windows 11 Pro / Gris Avec Souris RVB Lenovo LOQ M100,"2 739,000 DT"
PC PORTABLE HP X360 Convertible 15-ER1002NK / I7 12è Gén / 8 Go / Windows 11 / Silver,"2 745,000 DT"
PC Portable LENOVO THINKPAD E16 / i5-1335U 13e Gén / 16 Go 512GO / NOIR + Sacoche Lenovo,"2 749,000 DT"
Pc portable MSI Gaming GF 63 12UDX-214XFR / i5-12450H / RTX 3050 / 16 Go,"2 759,000 DT"
Pc portable MSI Gaming GF63 12UDX-214XFR / i5-12450H / RTX 3050 6G / 8 Go / Windows 11 Pro,"2 759,000 DT"
Pc Portable Dell Latitude 3540 / i7 13é Gén / 8 Go,"2 759,000 DT"
PC Portable LENOVO THINKPAD E16 / i5-1335U 13e Gén / 24 Go,"2 759,000 DT"
Pc Portable ASUS Vivobook S 14 Flip TP3402VA / i5-13500H / 24 Go / Windows 11 / Silver,"2 769,000 DT"
Pc portable Dell Gaming G15 5535 / Ryzen 5 7640HS / 32 Go / 512 Go SSD / RTX 3050 6G / Windows 11,"2 779,000 DT"
PC PORTABLE LENOVO LOQ 15IRX9 / I5-13450HX / RTX 3050 6G / 32 Go / 512 Go SSD /  / WINDOWS 11 / GRIS,"2 779,000 DT"
PC Portable LENOVO THINKPAD E16 / i5-1335U 13e Gén / 24 Go 512GO / NOIR + Sacoche Lenovo,"2 789,000 DT"
Pc Portable Dell Latitude 3540 / i7 13é Gén / 12 Go,"2 789,000 DT"
PC Portable HP x360 14-EK1006NK Tactile / i7-1355U / 16 Go,"2 799,000 DT"
Pc Portable Dell Latitude 5430 / i5 12è Gén / 8 Go / 512 Go SSD,"2 799,000 DT"
"Pc portable Dell Latitude 5440 / I5 13è Gén / 8 Go 512SSD 14"" FHD","2 799,000 DT"
Pc portable MSI Gaming GF 63 12UDX-214XFR / i5-12450H / RTX 3050 6G / 24 Go,"2 815,000 DT"
Pc Portable HP ProBook 450 G9 / i5 12è Gén / 8 Go / Silver / Windows 11,"2 819,000 DT"
PC Portable Gamer Lenovo IdeaPad Gaming 3 15ARH7 / Ryzen 5 7535HS / RTX 4050 6G 24 Go DDR5 / 512 Go SSD / Windows 11 / Gris,"2 819,000 DT"
Pc portable Dell Gaming G15 5535 / Ryzen 5 7640HS / 16 Go / 1 To SSD / RTX 3050 6G / Windows 11,"2 829,000 DT"
Pc Portable Dell Latitude 3540 / i7 13é Gén / 16 Go,"2 829,000 DT"
Pc portable Dell Latitude 5540 / I5 13è Gén / 8 Go,"2 839,000 DT"
Pc Portable Lenovo ThinkPad E14 Gen 4 / i5-1235U / 40 Go + SACOCHE Lenovo T210 + SOURIS Lenovo M120 Offerts,"2 839,000 DT"
Pc Portable HP EliteBook 850 G8 / i5-1135G7 11è Gén / 8 Go / 256 Go SSD,"2 865,000 DT"
PC Portable HP Pavilion x360 2-in-1 Laptop 14-ek0000nk Tactile / i7-1255U / 16 Go / 512 Go SSD / WIN11 / Silver,"2 865,000 DT"
Pc portable Dell Latitude 5540 / I5 13è Gén / 8 Go,"2 869,000 DT"
Pc portable MSI Gaming GF 63 12UDX-214XFR / i5-12450H / RTX 3050 6G / 32 Go,"2 869,000 DT"
PC Portable ASUS TUF GAMING FX507ZCA / i7-12700H / RTX 3050 4G / 16 Go / Windows 11,"2 879,000 DT"
"PC PORTABLE LENOVO 15.6"" FHD THINKPAD L15 G3 / I5-1235U / 8G / 512G","2 889,000 DT"
PC Portable Lenovo Yoga Slim 7 Pro 14ACH5 / Ryzen 5 5600H / 16 Go / Gris + 100 DT  Bon D'achat,"2 889,000 DT"
Pc portable Dell Latitude 5540 / I5 13è Gén / 12 Go,"2 889,000 DT"
PC Portable MSI CYBORG 15A12VE / i5-12450H / RTX 4050 6G / 8 Go,"2 899,000 DT"
PC PORTABLE HP VICTUS15-FA1002NK I / i5-13500H / RTX 4050 6G / 16 Go DDR4 / 512 Go SSD / Windows 11 / Noir,"2 899,000 DT"
Pc portable MSI Gaming GF 63 12UDX-213XFR / i7 12è Gén / RTX 3050 6G / 8 Go,"2 899,000 DT"
"PC PORTABLE HP ENVYX360 15-FE0002NK / I5-1335U / 8G / 512G / IRISXe / 15.6"" / SILVER","2 899,000 DT"
Pc Portable Dell Latitude 3430 / i7 12è Gén / 8 Go,"2 899,000 DT"
PC Portable Gamer Lenovo IdeaPad Gaming 3 15ARH7 / Ryzen 5 7535HS / RTX 4050 6G 32 Go DDR5 / 512 Go SSD / Windows 11 / Gris,"2 919,000 DT"
Pc portable MSI Gaming GF 63 12UDX-214XFR / i5-12450H / RTX 3050 6G / 20 Go / Windows 11,"2 925,000 DT"
Pc portable Dell Latitude 5540 / I5 13è Gén / 16 Go,"2 928,000 DT"
Pc portable MSI Gaming GF 63 12UDX-214XFR / i5-12450H / RTX 3050 6G / 32 Go / Windows 11,"2 929,000 DT"
PC PORTABLE THINKPAD E16 I7-13700H / 16G 512SSD + AVEC SACOCHE OFFERT,"2 939,000 DT"
Pc Portable Dell Latitude 5520 / i5 11è Gén / 8 Go / 256 Go SSD,"2 939,000 DT"
PC Portable ASUS TUF GAMING FX507ZCA / i7-12700H / RTX 3050 4G / 24 Go / Windows 11,"2 939,000 DT"
PC Portable ASUS TUF GAMING FX507ZCA / i7-12700H / RTX 3050 4G / 24 Go / Windows 11,"2 939,000 DT"
Pc portable Dell Latitude 5540 / I5 13è Gén / 20 Go,"2 945,000 DT"
PC Portable MSI CYBORG 15A12VE / i5-12450H / RTX 4050 6G / 8 Go / Windows 11 Pro,"2 959,000 DT"
Pc portable Dell Latitude 5440 / I5 13è Gén / 8 Go,"2 959,000 DT"
Pc Portable Gamer HP Victus Gaming 15-fa1014nk / i7-13700H / RTX 3050 6G / 8 Go /  512 Go SSD / Windows 11,"2 959,000 DT"
PC Portable MSI CYBORG 15A12VE / i5-12450H / RTX 4050 6G / 16 Go,"2 959,000 DT"
Pc Portable Gamer HP Victus Gaming 15-fa1009nk / i7-13700H / RTX 3050 6G / 8 Go /  512 Go SSD / Windows 11,"2 959,000 DT"
Pc portable MSI Gaming GF 63 12UDX-213XFR / i7 12è Gén / RTX 3050  6G / 16 Go,"2 959,000 DT"
Pc portable Dell Latitude 5440 / I5 13è Gén / 8 Go,"2 979,000 DT"
Pc Portable Gamer HP Victus Gaming 15-fa1009nk / i7-13700H / RTX 3050 6G / 12 Go /  512 Go SSD / Windows 11,"2 979,000 DT"
Pc Portable Gamer HP Victus Gaming 15-fa1014nk / i7-13700H / RTX 3050 6G / 12 Go /  512 Go SSD / Windows 11,"2 979,000 DT"
PC Portable ASUS TUF GAMING FX507ZCA / i7-12700H / RTX 3050 4G / 32 Go / Windows 11,"2 979,000 DT"
PC portable MSI Gaming GF 63 12UDX-213XFR / i7 12è Gén / RTX 3050 6G / 24 Go,"2 995,000 DT"
Pc Portable HP ProBook 450 G9 / i7 12è Gén / 8 Go,"2 999,000 DT"
Pc portable MSI Gaming KATANA 15 / i5-12450H / RTX 3050 6G / 8 Go,"2 999,000 DT"
PC portable Lenovo LOQ 15APH8 / Ryzen 7 7840HS / RTX 3050 6G / 16 Go / Gris Avec Souris RVB Lenovo LOQ M100,"2 999,000 DT"
"Pc portable Dell Latitude 5440 / I5 13è Gén / 32 Go 512SSD 14"" FHD","2 999,000 DT"
Pc Portable Dell Latitude 3420 / i7 11è Gén / 8 Go,"2 999,000 DT"
Pc portable ExpertBook B5 Flip B5402F / i7-1360P / 16 Go DDR5 / 512 Go SSD / Noir,"2 999,000 DT"
Pc portable MSI Prestige 15 A12SC / i7 12é Gen / GTX 1650 / 8 Go,"2 999,000 DT"
Pc Portable Dell Latitude 5420 / i5 11è Gén / 8 Go / 512 Go SSD,"2 999,000 DT"
Pc portable Dell Latitude 5540 / I5 13è Gén / 8 Go,"2 999,000 DT"
PC Portable Lenovo Ideapad Flex 5 14IAU7 / i7 12è Gén / 8 Go / Bleu,"3 015,000 DT"
Pc Portable Lenovo ThinkPad E15 Gen 4 / i7-1255U / 8 Go Avec sac Lenovo T210,"3 019,000 DT"
Pc portable MSI Gaming GF 63 12UDX-213XFR / i7 12è Gén / RTX 3050 6G / 16 Go / Windows 11 Pro,"3 019,000 DT"
Pc Portable Lenovo ThinkPad E14 Gen 4 / i7-1255U / 8 Go + SACOCHE Lenovo T210 Offerte,"3 019,000 DT"
Pc Portable HP ProBook 450 G9 / i7 12è Gén / 12 Go,"3 019,000 DT"
PC Portable MSI CYBORG 15A12VE / i5-12450H / RTX 4050 6G / 16 Go / Windows 11 Pro,"3 019,000 DT"
Pc Portable Gamer HP Victus Gaming 15-fa1014nk / i7-13700H / RTX 3050 6G / 16 Go /  512 Go SSD / Windows 11,"3 019,000 DT"
Pc Portable HP ProBook 450 G9 / i7 12è Gén / 8 Go / Silver / Windows 11,"3 029,000 DT"
PC portable MSI Gaming GF 63 12UDX-213XFR / i7 12è Gén / RTX 3050 6G / 32 Go,"3 029,000 DT"
Pc portable Dell Latitude 5540 / I5 13è Gén / 32 Go,"3 029,000 DT"
Pc portable MSI Gaming KATANA 17 B12UCXK-660FR / i7-12650H / RTX 2050 4G / 16 Go,"3 035,000 DT"
Pc portable Dell Latitude 5440 / I5 13è Gén / 8 Go,"3 039,000 DT"
Pc portable MSI Gaming KATANA 15 B12UDXK-644XFR / i5-12450H / RTX 3050 6G / 12 Go,"3 039,000 DT"
Pc Portable Lenovo ThinkPad E14 Gen 4 / i7-1255U / 8 Go + SACOCHE Lenovo T210 + SOURIS LENOVO M120 OFFERTS,"3 049,000 DT"
Pc Portable Gamer HP Victus Gaming 15-fa1014nk / i7-13700H / RTX 3050 6G / 24 Go /  512 Go SSD / Windows 11,"3 059,000 DT"
Pc Portable HP ProBook 450 G9 / i7 12è Gén / 16 Go,"3 059,000 DT"
Pc Portable DELL VOSTRO 5630 / i7-1360P / 16 Go,"3 059,000 DT"
Pc Portable ASUS Vivobook S 14 Flip TP3402VA / i7-13700H / 8 Go / Windows 11 / Silver,"3 059,000 DT"
Pc portable Dell Latitude 5540 / I5 13è Gén /16 Go,"3 059,000 DT"
PC Portable MSI CYBORG 15A12VE / i5-12450H / RTX 4050 6G / 24 Go,"3 069,000 DT"
PC Portable HP Spectre x360 Convertible 14-ef0003nk Tactile / i5-1235U / 16 Go,"3 069,000 DT"
Pc Portable HP EliteBook 860 G9 / i5-1235U 12e Gén / 8 Go / 256 Go SSD,"3 085,000 DT"
Pc portable MSI Gaming GF 63 12UDX-213XFR / i7 12è Gén / RTX 3050 6G / 32 Go / Windows 11 Pro,"3 089,000 DT"
Pc Portable Lenovo ThinkPad E14 Gen 5 / I7-1355U / 8 Go + SACOCHE Lenovo T210 Offerte,"3 089,000 DT"
Pc Portable ASUS Vivobook S 14 Flip TP3402VA / i7-13700H / 12 Go / Windows 11 / Silver,"3 095,000 DT"
Pc portable MSI Gaming GF63 12VF-414XFR / I5-12450H / RTX 4060 8G / 16 Go Avec Pack Gaming MSI VIGOR GK30 COMBO Offert,"3 099,000 DT"
Pc Portable Gamer Lenovo LOQ 15IRX9 / i7-13650HX / RTX 3050 6G / 16 Go / Gris +150DT Bon de réduction,"3 099,000 DT"
Pc Portable Dell Latitude 7420 / i5 11è Gén / 16 Go / 512 Go SSD,"3 099,000 DT"
Pc Portable Dell Latitude 7320 / i5-1145G7 / 16 Go,"3 099,000 DT"
PC Portable MSI CYBORG 15 A12VE 462XFR / i7-12650H / RTX 4050 6G / 8 Go,"3 099,000 DT"
PC Portable HP ProBook 450 G9 / i7 12è Gén / 24 Go,"3 099,000 DT"
Pc portable MSI Gaming KATANA 15 B12VEK-641XFR / i5-12450H / RTX 4050 6G / 8 Go,"3 099,000 DT"
Pc portable MSI Gaming KATANA 17 B12UDXK-421XFR / i5-12450H / RTX 3050 6G / 8 Go,"3 099,000 DT"
Pc Portable Lenovo ThinkPad E14 Gen 4 / i7-1255U / 16 Go + SACOCHE Lenovo T210 + SOURIS LENOVO M120 OFFERTS,"3 109,000 DT"
Pc Portable Dell Latitude 3520 / i7 11è Gén / 8 Go,"3 119,000 DT"
"PC PORTABLE HP 17.3"" FHD PROBOOK 470 G10 / I7-1335U / 8GB 512GB / MX5502GDED / Silver","3 119,000 DT"
Pc portable MSI Gaming KATANA 17 B12UDXK-421XFR / i5-12450H / RTX 3050 6G / 12 Go,"3 119,000 DT"
PC Portable Dell Latitude 5520 Tactile / i5 11è Gén / 16 Go / 512 Go SSD,"3 125,000 DT"
Pc Portable ASUS Vivobook S 14 Flip TP3402VA / i7-13700H / 16 Go / Windows 11 / Silver,"3 129,000 DT"
PC Portable MSI CYBORG 15A12VE / i5-12450H / RTX 4050 6G / 24 Go / Windows 11 Pro,"3 129,000 DT"
Pc portable MSI Gaming KATANA 15 B12UDXK-644XFR / i5-12450H / RTX 3050 6G / 16 Go,"3 139,000 DT"
Pc portable MSI Gaming KATANA 15 B12VEK-641XFR / i5-12450H / RTX 4050 6G / 12 Go,"3 139,000 DT"
Pc portable Dell Latitude 5540 / I5 13è Gén / 24 Go,"3 144,000 DT"
Pc Portable HP ProBook 470 G9 / i7 12è Gén / 8 Go / Silver,"3 145,000 DT"
Pc Portable Gamer ASUS TUF Gaming A15 TUF507NV / Ryzen 5 7535HS / RTX 4060 8G / 8 Go DDR5 / 512 Go SSD / Windows 11,"3 145,000 DT"
PC Portable HP Envy x360 15-fe0003nk / i5-1335U / 16 Go / 512 Go SSD / Silver / Windows 11,"3 149,000 DT"
Pc Portable Lenovo ThinkPad E14 Gen 5 / I7-1355U / 8 Go / Windows 11 Pro + SACOCHE Lenovo T210 Offerte,"3 149,000 DT"
Pc portable MSI Gaming KATANA 17 B12UDXK-421XFR / i5-12450H / RTX 3050 6G / 16 Go,"3 149,000 DT"
Pc Portable Lenovo ThinkPad E14 Gen 4 / i7-1255U / 24 Go + SACOCHE Lenovo T210 + SOURIS LENOVO M120 OFFERTS,"3 149,000 DT"
Pc Portable Dell Latitude 5430 / i5 12è Gén / 8 Go / 512 Go SSD,"3 154,000 DT"
PC Portable HP ProBook 450 G9 / i7 12è Gén / 32 Go,"3 155,000 DT"
PC Portable MSI CYBORG 15 A12VE 462XFR / i7-12650H / RTX 4050 6G / 8 Go / Windows 11 Pro,"3 159,000 DT"
PC PORTABLE LENOVO LOQ 15IRX9  I7-13650HX /16G 512SSD / RTX3050 6G / GRIS + Souris offerte +150DT Bon de réduction,"3 159,000 DT"
Pc Portable Lenovo ThinkPad E16 Gen 2 / Ultra 7 155H / 16 Go DDR5 / Noir Avec Sac à Dos Offert,"3 159,000 DT"
Pc portable MSI Gaming KATANA 15 B12UDXK-644XFR / i5-12450H / RTX 3050 6G / 20 Go,"3 159,000 DT"
Pc portable MSI Gaming KATANA 17 B12UDXK-421XFR / i5-12450H / RTX 3050 6G / 20 Go,"3 159,000 DT"
Pc Portable Gigabyte G5 KF / i5 13ème Gén / 16 Go / RTX 4060 8G,"3 159,000 DT"
PC Portable MSI CYBORG 15A12VE / i5-12450H / RTX 4050 6G / 32 Go,"3 159,000 DT"
Pc portable MSI Gaming GF63 12VF-414XFR / I5-12450H / RTX 4060 8G / 24 Go Avec Pack Gaming MSI VIGOR GK30 COMBO Offert,"3 159,000 DT"
PC portable Lenovo LOQ 15APH8 / Ryzen 7 7840HS / RTX 3050 6G / 32 Go / Gris Avec Souris RVB Lenovo LOQ M100,"3 159,000 DT"
Pc portable MSI Gaming KATANA 15 B12UDXK-644XFR / i5-12450H / RTX 3050 6G / 24 Go,"3 165,000 DT"
Pc portable MSI Gaming KATANA 15 B12VEK-641XFR / i5-12450H / RTX 4050 6G / 16 Go,"3 175,000 DT"
Pc portable Dell Gaming G15 5530 / i7 13è Gén / 16 Go / RTX 3050 6G / Windows 11,"3 179,000 DT"
PC Portable HP ProBook 450 G8 / i7 11è Gén / 8 Go / 512 Go SSD,"3 179,000 DT"
PC Portable MSI CYBORG 15 A12VE 462XFR / i7-12650H / RTX 4050 6G / 16 Go,"3 189,000 DT"
Pc portable Dell Gaming G15 5530 / i5 13è Gén / 24 Go / RTX 3050 6G / Windows 11,"3 195,000 DT"
Pc portable MSI Gaming KATANA 17 B12UDXK-421XFR / i5-12450H / RTX 3050 6G / 24 Go,"3 199,000 DT"
Pc Portable Lenovo ThinkPad E16 Gen 1 / i7-1355U / MX550 2G / 16 Go / 512 Go SSD / Noir + Sacoche T210 Offerte,"3 199,000 DT"
Pc Portable Gigabyte G5MF5 / i7 13ème Gén / 16 Go / RTX 4050 6G,"3 199,000 DT"
Pc portable MSI Gaming GF63 12VF-414XFR / I5-12450H / RTX 4060 8G / 32 Go Avec Pack Gaming MSI VIGOR GK30 COMBO Offert,"3 205,000 DT"
Pc Portable Gamer HP Victus Gaming 15-fa1009nk / i7-13700H / RTX 3050 6G / 16 Go /  512 Go SSD / Windows 11,"3 219,000 DT"
PC Portable MSI CYBORG 15A12VE / i5-12450H / RTX 4050 6G / 32 Go / Windows 11 Pro,"3 219,000 DT"
Pc portable Dell Gaming G15 5530 / i7 13è Gén / 16 Go / RTX 3050 6G / Windows 11,"3 225,000 DT"
Pc portable Dell Latitude 5540 / I5 13è Gén / 32 Go,"3 228,000 DT"
Pc Portable Dell Latitude 3540 / i7-1355U de 13e Gén / MX550 2G / 8 Go / 512 Go SSD,"3 229,000 DT"
Pc Portable Gamer ASUS TUF Gaming A15 TUF507NV / Ryzen 5 7535HS / RTX 4060 8G / 16 Go DDR5 / 512 Go SSD / Windows 11,"3 235,000 DT"
Pc Portable ASUS Vivobook S 14 Flip TP3402VA / i9-13900H / 8 Go / Windows 11 / Silver,"3 239,000 DT"
PC Portable MSI CYBORG 15 A12VE 462XFR / i7-12650H / RTX 4050 6G / 16 Go / Windows 11 Pro,"3 249,000 DT"
Pc portable MSI Gaming KATANA 15 B12UDXK-644XFR / i5-12450H / RTX 3050 6G / 32 Go,"3 254,000 DT"
Pc Portable Gamer HP Victus Gaming 15-fa1009nk / i7-13700H / RTX 3050 6G / 24 Go /  512 Go SSD / Windows 11,"3 259,000 DT"
Pc portable MSI Gaming KATANA 17 B12UDXK-421XFR / i5-12450H / RTX 3050 6G / 32 Go,"3 259,000 DT"
Pc portable MSI Gaming KATANA 15 B12VEK-641XFR / i5-12450H / RTX 4050 6G / 20 Go,"3 259,000 DT"
PC Portable MSI CYBORG 15 A12VE 462XFR / i7-12650H / RTX 4050 6G / 24 Go,"3 269,000 DT"
Pc Portable Gigabyte G5MF5 / i7 13ème Gén / 24 Go / RTX 4050 6G,"3 279,000 DT"
Pc portable MSI Gaming KATANA 15 B12VEK-641XFR / i5-12450H / RTX 4050 6G / 24 Go,"3 279,000 DT"
PC PORTABLE LENOVO LOQ 15IRX9 I7-13650HX /24G 512SSD / RTX3050 6G / GRIS + Souris offerte +150DT Bon de réduction,"3 299,000 DT"
Pc portable MSI Gaming KATANA 17 B12UDXK-420XFR / i7-12650H / RTX 3050 6G / 8 Go,"3 299,000 DT"
Pc portable ASUS Zenbook 14X OLED / i5 12è Gén / 8 Go / 512 Go SSD / Gris,"3 299,000 DT"
Pc portable MSI Gaming GF63 12VF-413XFR / i7-12650H / RTX 4060 8G / 16 Go,"3 299,000 DT"
Pc portable MSI Gaming KATANA 17 B12VEK-419XFR / i5-12450H / RTX 4050 6G / 8 Go,"3 299,000 DT"
Pc Portable Lenovo ThinkPad E14 Gen 4 / i7-1255U / 40 Go + SACOCHE Lenovo T210 + SOURIS LENOVO M120 OFFERTS,"3 299,000 DT"
Pc Portable Dell Latitude 7420 / i5 11è Gén / 8 Go,"3 299,000 DT"
Pc portable Lenovo Legion 5 15IMH6 / i5 10é Gén / 16 Go / Noir Avec Souris Lenovo Legion  M300 RGB Gaming Offert,"3 299,000 DT"
Pc portable MSI Gaming KATANA 15 B12VFK-639XFR / i5-12450H / RTX 4060 / 8 Go,"3 299,000 DT"
Pc portable MSI Gaming GF63 12VF-414XFR / I5-12450H / RTX 4060 8G / 48 Go Avec Pack Gaming MSI VIGOR GK30 COMBO Offert,"3 303,000 DT"
Pc Portable HP EliteBook 840 G8 / i7-1165G7 / 8 Go / 256 Go SSD,"3 305,000 DT"
Pc Portable Gamer ASUS TUF Gaming A15 TUF507NV / Ryzen 5 7535HS / RTX 4060 8G / 24 Go DDR5 / 512 Go SSD / Windows 11,"3 305,000 DT"
PC Portable LENOVO Yoga 7 14IRL8 / i5-1340P / 8G / Windows 11 / Gris,"3 319,000 DT"
PC PORTABLE LENOVO LOQ 15IRX9  I7-13650HX /16G 512SSD / RTX4050 6G / GRIS,"3 329,000 DT"
PC Portable MSI CYBORG 15 A12VE 462XFR / i7-12650H / RTX 4050 6G / 24 Go / Windows 11 Pro,"3 329,000 DT"
"PC Portable Apple MacBook Air M1 13.3"" / 8 Go / 256 Go SSD / Gris sidéral","3 339,000 DT"
PC PORTABLE LENOVO LOQ 15IRX9 I7-13650HX /32G 512SSD / RTX3050 6G / GRIS + Souris offerte +150DT Bon de réduction,"3 339,000 DT"
"PC Portable Apple MacBook Air M1 13.3"" / 8 Go / 256 Go / Argent","3 339,000 DT"
"PC Portable Apple MacBook Air M1 13.3"" / 8 Go / 256 Go SSD / Gold","3 339,000 DT"
Pc portable MSI Gaming KATANA 17 B12VEK-419XFR / i5-12450H / RTX 4050 6G / 12 Go,"3 339,000 DT"
Pc Portable HP EliteBook 830 G8 / i7-1165G7 / 8 Go / 256 Go SSD,"3 339,000 DT"
Pc Portable Gigabyte G5MF5 / i7 13ème Gén / 32 Go / RTX 4050 6G,"3 349,000 DT"
PC Portable MSI CYBORG 15 A12VE 462XFR / i7-12650H / RTX 4050 6G / 32 Go,"3 349,000 DT"
Pc portable MSI Gaming KATANA 15 B12VEK-641XFR / i5-12450H / RTX 4050 6G / 32Go,"3 350,000 DT"
Pc Portable Lenovo ThinkPad L15 Gen 3 / i5-1235U / 8 Go / 256 Go SSD / Windows 11 Pro / Noir,"3 359,000 DT"
Pc Portable Gamer ASUS TUF Gaming A15 TUF507NV / Ryzen 5 7535HS / RTX 4060 8G / 32 Go DDR5 / 512 Go SSD / Windows 11,"3 375,000 DT"
Pc Portable Dell Latitude 7420 / i5 11è Gén / 8 Go / Windows 11 Pro,"3 379,000 DT"
Pc Portable HP EliteBook 840 G9 / i5-1235U / 16 Go / 512 Go SSD,"3 379,000 DT"
Pc portable MSI Gaming KATANA 17 B12VEK-419XFR / i5-12450H / RTX 4050 6G / 16 Go,"3 379,000 DT"
PC Portable HP Pavilion Aero Laptop 13-be1002nk / Ryzen 7 5825U / 16 Go / 512 Go SSD,"3 389,000 DT"
PC PORTABLE MSI CYBORG 15 A13VE / I5-13420H / RTX 4050 6G / 16 Go / 512 Go SSD / Windows 11,"3 389,000 DT"
PC Portable MSI CYBORG 15 A12VE 462XFR / i7-12650H / RTX 4050 6G / 32 Go / Windows 11 Pro,"3 409,000 DT"
Pc Portable HP EliteBook 650 G9 / i5-1235U / 8 Go / 512 Go SSD / Gris,"3 429,000 DT"
Pc Portable ASUS TUF707ZC / Intel core i5-12500H / RTX 3050 4G / 8 Go /  512SSD / Windows 11,"3 449,000 DT"
PC Portable Gigabyte G7KF / i5-12500H / RTX 4060 8G / 32 Go / 512 Go SSD / Noir,"3 459,000 DT"
PC PORTABLE MSI CYBORG 15 A13VE / I5-13420H / RTX 4050 6G / 24 Go / 512 Go SSD / Windows 11,"3 459,000 DT"
PC Portable Gigabyte G7KF / i5-12500H / RTX 4060 8G / 16 Go / 512 Go SSD / Noir,"3 469,000 DT"
Pc portable MSI Gaming KATANA 17 B12VEK-419XFR / i5-12450H / RTX 4050 6G / 24 Go,"3 479,000 DT"
Pc Portable Dell Latitude 5420 Tactile / i7 11è Gén / 16 Go / 512 Go SSD,"3 499,000 DT"
Pc Portable Dell Latitude 5430 / i7 12è Gén / 16 Go / 512 Go SSD,"3 499,000 DT"
Pc portable MSI Gaming KATANA 15 B12VEK-640XFR / i7-12650H / RTX 4050 6G / 8 Go,"3 499,000 DT"
Pc Portable EliteBook 650 G10 / i5-1335U / 16 Go / 512 Go SSD / Windows 11 Pro,"3 499,000 DT"
Pc Portable Dell Latitude 5430 / i7 12è Gén / 16 Go / 512 Go SSD,"3 499,000 DT"
Pc portable MSI Gaming KATANA 17 B12VEK-419XFR / i5-12450H / RTX 4050 6G / 32Go,"3 525,000 DT"
PC PORTABLE MSI CYBORG 15 A13VE / I5-13420H / RTX 4050 6G / 32 Go / 512 Go SSD / Windows 11,"3 539,000 DT"
Tablette Ordinateur Portable HUAWEI MateBook E / i7-1260U / 16 Go / 512 Go SSD / Windows 11 Avec HUAWEI Band 8 Rose + HUAWEI FreeBuds SE Bleu Offerts,"3 539,000 DT"
Pc portable MSI Modern 14 C12M / i7 12é Gen / 16 Go / Noir,"3 549,000 DT"
PC Portable HP Pavilion Aero Laptop 13-be1001nk / Ryzen 7 5825U / 16 Go / 512 Go SSD,"3 549,000 DT"
Pc Portable Gigabyte G5 KF5 / i7 13ème Gén / 16 Go / RTX 4060 8G,"3 555,000 DT"
Pc portable MSI Gaming KATANA 15 B12VFK-638XFR / i7-12650H / RTX 4060 8G / 8 Go,"3 599,000 DT"
Pc Portable EliteBook 650 G10 / i5-1355U / 16 Go / 512 Go SSD / Windows 11 Pro,"3 599,000 DT"
Pc Portable Gigabyte G5 KF5 / i7 13ème Gén / 24 Go / RTX 4060 8G,"3 645,000 DT"
Pc portable Dell Latitude 5540 / I7 13è Gén / 16 Go,"3 679,000 DT"
Pc portable Dell Latitude 5540 / I7 13è Gén / 20 Go,"3 699,000 DT"
Pc Portable Dell Latitude 5530 / i7 12è Gén / 16 Go / 512 Go SSD,"3 699,000 DT"
Pc Portable EliteBook 840 G10 / i7-1355U / 16 Go / 512 Go SSD,"3 719,000 DT"
PC PORTABLE ASUS ZENBOOK UM3504DA R7-7735U / 32G / 1TO SSD /  Windows 11 / Gris,"3 719,000 DT"
PC Portable Lenovo Yoga 7 14ITL5 / i7 11è Gén / 16 Go / Gris,"3 719,000 DT"
PC PORTABLE MSI CYBORG 15 A13VE / I5-13420H / RTX 4060 8G / 16 Go / 512 Go SSD /  Windows 11,"3 739,000 DT"
Pc portable Dell Latitude 5540 / I7 13è Gén / 24 Go,"3 739,000 DT"
Pc Portable Gigabyte G5 KF5 / i7 13ème Gén / 32 Go / RTX 4060 8G,"3 745,000 DT"
Pc Portable Gamer ASUS TUF Gaming F15 FX507VU / i7-13620H / 8 Go / 512 Go SSD / Windows 11 / Noir,"3 749,000 DT"
Pc Portable Dell Latitude 7320 / i7 11è Gén / 16 Go,"3 759,000 DT"
Pc portable Dell Latitude 5540 / I7 13è Gén / 32 Go,"3 779,000 DT"
Pc portable Dell Latitude 5440 / I7 13è Gén / 16 Go,"3 779,000 DT"
Pc portable Asus Expertbook B9 / i7-1255U / 16 Go,"3 799,000 DT"
PC PORTABLE MSI CYBORG 15 A13VE / I5-13420H / RTX 4060 8G / 24 Go / 512 Go SSD /  Windows 11,"3 819,000 DT"
Pc portable Dell Latitude 5440 / I7 13è Gén / 24 Go,"3 834,000 DT"
Pc Portable ASUS Zenbook 14 OLED UX3405MA / Intel Core Ultra 7 155H / 16 Go / 1 To SSD / Windows 11 / Silver,"3 859,000 DT"
Pc portable Dell Latitude 5540 / I7 13è Gén / 16 Go,"3 869,000 DT"
PC Portable HP Envy x360 15-fe0001nk / i7-1355U / 16 Go / Windows 11 / Silver,"3 869,000 DT"
Pc portable Dell Latitude 5440 / I7 13è Gén / 32 Go,"3 889,000 DT"
Pc portable Dell Latitude 5540 / I7 13è Gén / 24 Go,"3 929,000 DT"
Pc portable Dell Latitude 5440 / i7-1355U 13e Gén / 16 Go,"3 939,000 DT"
Pc portable Dell Latitude 5540 / I7 13è Gén / 32 Go,"3 969,000 DT"
Pc portable MSI Gaming KATANA 15 B12UDXK-643XFR / i7-12650H / RTX 3050 6G / 8 Go,"3 969,000 DT"
Pc Portable HP EliteBook 830 G8 / i5 11è Gén / 8 Go / 256 Go SSD,"3 969,000 DT"
Pc portable ASUS Zenbook UX3402 OLED / i7 12è Gén / 16 Go / Bleu,"3 979,000 DT"
PC PORTABLE MSI CYBORG 15 A13VE / I5-13420H / RTX 4060 8G / 32 Go / 512 Go SSD /  Windows 11,"3 979,000 DT"
Pc portable ASUS ExpertBook B9 OLED B9403 / Ultra 7 150U / 16 Go / 1 To SSD / Noir,"3 999,000 DT"
"PC PORTABLE HP 14""  SPECTRE 14-EF2003NK I5-1335U / 16G 512SSD / Windows 11","3 999,000 DT"
Pc Portable HP EliteBook 840 G9 / i7-1255U / 16 Go / 512 Go SSD,"4 129,000 DT"
PC Portable Lenovo ThinkPad T14 Gen 3 / i5-1335U / 8 Go / 1 To SSD,"4 199,000 DT"
Pc Portable HP EliteBook 840 G8 / i7-1185G7 / 16 Go / 512 Go SSD,"4 199,000 DT"
Pc portable MSI Prestige 14Evo A12M-040FR / i5-12é Gen / 16 Go,"4 219,000 DT"
PC Portable HP Spectre x360 Convertible 14-ea1001nk Tactile / i5 11è Gén / 8 Go / Gris,"4 229,000 DT"
PC Portable LENOVO Yoga 7 2IN1 Ultra 7 155H / 16G / Windows 11 / Gris,"4 239,000 DT"
Pc Portable MSI SWORD 15A12VF  / i7 12è Gén / 8 Go / RTX 4060 8G,"4 259,000 DT"
Pc Portable Lenovo Thinkbook 14s Yoga / I7-1355U 13e Gén / 16Go / Windows 11 pro,"4 289,000 DT"
Pc portable Dell Latitude 7430 / I7 12è Gén / 16 Go,"4 289,000 DT"
Pc Portable Gamer ASUS TUF Gaming F15 FX507VU / i9-13900H / RTX 4050 6G / 16 Go / Windows 11 / Noir,"4 329,000 DT"
PC Portable Apple MacBook Air M2 (2022) / 8Go / 256 Go / Lumière stellaire,"4 335,000 DT"
Apple MacBook Air Retina M2 / 8Go / 256 Go / Noir,"4 335,000 DT"
Apple MacBook Air Retina M2 / 8Go / 256 Go / GRIS,"4 335,000 DT"
Apple MacBook Air Retina M2 / 8Go / 256 Go / Silver,"4 335,000 DT"
PC Portable Gigabyte G6KF / i7-13620H / RTX 4060 8G / 32 Go DDR5 / 1 To SSD / Windows 11 / Noir,"4 339,000 DT"
Pc portable MSI Pulse GL66 12UEK-454XFR  / i5-12500 / RTX 3060 6G / 16 Go,"4 359,000 DT"
PC Portable Lenovo ThinkBook 14s Yoga IAP Tactile / i7-1255U / 16 Go,"4 399,000 DT"
Pc portable MSI Pulse GL66 12UEK-454XFR  / i5-12500 / RTX 3060 6G / 24 Go,"4 414,000 DT"
PC PORTABLE ASUS ZENBOOK 14 FLIP OLED / I7-1360P / 16G 1TSSD / WINDOWS 11 / Gris,"4 429,000 DT"
Pc Portable Lenovo ThinkPad T14 Gen 4 / i5-1335U / 16 Go / 1 To SSD / Windows 11 Pro / Noir,"4 429,000 DT"
Pc Portable EliteBook 650 G10 / i7-1355U / 16 Go / 512 Go SSD / Windows 11 Pro,"4 489,000 DT"
PC Portable Lenovo ThinkPad T14 Gen 3 / i5-1235U / 8 Go / 256 Go SSD,"4 495,000 DT"
PC Portable Lenovo ThinkBook 15p G2 ITH / i7 11è Gén / 16 Go,"4 499,000 DT"
Pc Portable Dell Latitude 7440 / i7-1365U de 13e Gén / 16 Go DDR5 / 512 Go SSD,"4 509,000 DT"
PC PORTABLE MSI KATANA / i7 13è Gén / 16 Go / 1 To / RTX 4060 8G / WINDOWS 11,"4 509,000 DT"
PC Portable Dell Latitude 7420 / i7 11è Gén / 16 Go / 512 Go SSD / 3 ans Garantie,"4 532,000 DT"
PC Portable ASUS TUF Gaming A16 FA617XS / Ryzen 9 7940HS / RX 7600S 8G / 16 Go / 512 Go SSD / Windows 11,"4 539,000 DT"
Pc portable MSI Prestige 15 A12SC-033XFR / i7 12é Gen / GTX 1650 / 8 Go,"4 549,000 DT"
PC Portable HP EliteBook 840 G10 / i5-1335U / 8 Go / 512 Go SSD / Windows 11 Pro,"4 589,000 DT"
PC Portable Gamer Asus ROG Flow GV301RC / Ryzen 7 6800HS / RTX 3050 4G / 16 Go,"4 599,000 DT"
PC Portable HP EliteBook 830 G10 / i5-1335U / 8 Go / 512 Go SSD / Windows 11 Pro,"4 645,000 DT"
Pc Portable HP EliteBook 840 G9 / i7-1255U / 16 Go DDR5 / 512 Go SSD / Silver / Windows 11 Pro,"4 649,000 DT"
Pc portable Dell Gaming G15 5530 / i7 13è Gén / 16 Go / RTX 4060 8G / Windows 11,"4 690,000 DT"
PC Portable ASUS TUF Gaming A16 FA617XS / Ryzen 9 7940HS / RX 7600S 8G / 32 Go / 512 Go SSD / Windows 11,"4 695,000 DT"
PC Portable ASUS ROG Zephyrus M16 GU603ZE-LS001W / i7-12700H / 16 Go / RTX 3050 Ti 4G,"4 699,000 DT"
Pc portable MSI Gaming KATANA 17 B12VGK-416XFR / i7-12650H / RTX 4070 8G / 8 Go,"4 699,000 DT"
Pc portable Dell Gaming G15 5530 / i7 13è Gén / 24 Go / RTX 4060 8G / Windows 11,"4 737,000 DT"
PC PORTABLE ASUS EXPERTBOOK  B9403CV / I7-1355U / 16G / 1To SSD,"4 759,000 DT"
Pc portable MSI Prestige 14 A12SC-042FR / i7-12é Gen / 16 Go,"4 894,000 DT"
Pc portable MSI Prestige 15 A12UC-027XFR / i7 12é Gen / RTX 3050 / 16 Go,"4 894,000 DT"
Pc portable Dell Gaming G15 5530 / i7 13è Gén / 16 Go / RTX 4060 8G / Windows 11,"4 899,000 DT"
PC PORTABLE LENOVO ThinkPad T14 Gen 4 / I7-1355U  / 16GB 512SSD / Windows 11,"4 939,000 DT"
Pc Portable HP EliteBook 860 G9 / i7-1255U 12e Gén / 8 Go / 256 Go SSD,"4 959,000 DT"
PC PORTABLE ASUS TUF507VI / I7-13620H / RTX 4070 8G / 8 Go / 512 Go SSD / Windows 11,"4 999,000 DT"
Pc Portable Dell Latitude 7430 2 en 1 / i7 12è Gén / 16 Go / 512 Go SSD,"4 999,000 DT"
Pc Portable Gamer ASUS TUF Gaming A15 TUF507UI / Ryzen 9 8940HS / RTX 4070 8G / 8 Go DDR5 / 512 Go SSD / Windows 11,"4 999,000 DT"
PC Portable HP Envy x360 Convertible 15-fe0000nk / i7-1355U / 16 Go / RTX 3050 4G / Windows 11 / Silver,"4 999,000 DT"
PC Portable Lenovo Legion Pro 5 16ARX8 / Ryzen 7 7745HX / RTX 4050 6G / 16 Go / 1 To SSD / Gris onyx / Windows 11,"4 999,000 DT"
PC Portable Lenovo ThinkPad L13 Yoga Gen 4 / i7-1355U / 16 Go,"5 019,000 DT"
PC Portable HP Spectre x360 Convertible 14-ef0002nk Tactile / i7-1255U / 16 Go,"5 039,000 DT"
PC Portable Lenovo Legion Pro 5 16ARX8 / Ryzen 7 7745HX / RTX 4050 6G / 24 Go / 1 To SSD / Gris onyx / Windows 11,"5 075,000 DT"
Pc Portable Lenovo Yoga L13 / i7 1255U / 16Go,"5 075,000 DT"
PC PORTABLE ASUS EXPERTBOOK   B9403CV / I7-1355U / 32G 1TSSD,"5 089,000 DT"
Pc Portable ASUS Zenbook S 13 OLED / Ultra 7 155U / 32 Go / 1 To SSD / Windows 11 / Gris,"5 119,000 DT"
PC PORTABLE ASUS TUF507VI / I7-13620H / RTX 4070 8G / 16 Go / 512 Go SSD / Windows 11,"5 135,000 DT"
PC Portable Lenovo Legion Pro 5 16ARX8 / Ryzen 7 7745HX / RTX 4050 6G / 32 Go / 1 To SSD / Gris onyx / Windows 11,"5 139,000 DT"
Pc Portable Gamer ASUS TUF Gaming A15 TUF507UI / Ryzen 9 8940HS / RTX 4070 8G / 16 Go DDR5 / 512 Go SSD / Windows 11,"5 139,000 DT"
PC PORTABLE ASUS TUF507VI / I7-13620H / RTX 4070 8G / 24 Go / 512 Go SSD / Windows 11,"5 159,000 DT"
PC Portable HP EliteBook 860 G10 / i7-1355U / 8 Go / 256 Go SSD / Windows 11 Pro,"5 199,000 DT"
Pc Portable Dell Latitude 7440 / i7-1355U / 16 Go DDR5 / 512 Go SSD / Windows 11 Pro,"5 199,000 DT"
Pc Portable Lenovo ThinkPad T14s Gen 2 / i7 11è Gén / 8 Go / 512 Go SSD,"5 199,000 DT"
Pc Portable Gamer ASUS TUF Gaming A15 TUF507UI / Ryzen 9 8940HS / RTX 4070 8G / 32 Go DDR5 / 512 Go SSD / Windows 11,"5 249,000 DT"
PC Portable Lenovo Legion Pro 5 16ARX8 / Ryzen 7 7745HX / RTX 4050 6G / 40 Go / 1 To SSD / Gris onyx / Windows 11,"5 295,000 DT"
PC Portable Lenovo ThinkPad L13 Yoga Gen 3 / i7-1265U 12è Gén / 16 Go / Noir,"5 339,000 DT"
Pc Portable Lenovo ThinkPad T16 Gen 1 / i7-1270P / 32 Go / 512 Go SSD / Windows 11 Pro,"5 359,000 DT"
PC Portable Lenovo Legion Pro 5 16ARX8 / Ryzen 7 7745HX / RTX 4050 6G / 48 Go / 1 To SSD / Gris onyx / Windows 11,"5 369,000 DT"
PC PORTABLE LENOVO LEGION 500 I7-14650HX / 16GB 1TSSD / RTX4060 / Windows 11 GRIS Avec SOURIS ET  TAPIS  SOURIS GAMING LENOVO  Offerts,"5 385,000 DT"
PC Portable HP EliteBook 830 G10 / i7-1355U / 8 Go / 512 Go SSD / Windows 11 Pro,"5 439,000 DT"
PC Portable Lenovo Legion Pro 5 16ARX8 / Ryzen 7 7745HX / RTX 4050 6G / 64 Go / 1 To SSD / Gris onyx / Windows 11,"5 589,000 DT"
PC PORTABLE DELL LATITUDE 7450 / ULTRA 7 165U / 16GO 512GO SSD / GRIS,"5 599,000 DT"
Apple MacBook Air M2 / 8Go / 256 Go / Silver,"5 629,000 DT"
Apple MacBook Pro M2 / 8Go / 256 Go / Starlight,"5 629,000 DT"
Apple Macebook Air M2 8Go / 256 Go SSD / Bleu Midnight,"5 629,000 DT"
Apple MacBook Pro M2 / 8Go / 256 Go / Midnight,"5 639,000 DT"
Pc portable MSI Summit E16 Flip Evo / i7 12é Gen / 16 Go,"5 669,000 DT"
PC Portable Apple MacBook Air M2 (2022) / 8 Go / 512 Go SSD / Midnight,"5 759,000 DT"
Apple MacBook Air Retina M2 / 8Go / 512 Go / Starlight,"5 759,000 DT"
PC PORTABLE GIGABYTE AORUS 16X ASG / I7-14650HX / RTX 4070 8G / 16 Go / 1To SSD / WINDOWS 11 / NOIR,"5 879,000 DT"
Pc Portable Dell Latitude 7340 / i7-1365U de 13e Gén / 16 Go DDR5 / 512 Go SSD / Windows 11 Pro,"6 099,000 DT"
Apple MacBook Pro M2 / 8Go / 512 Go / GRIS,"6 149,000 DT"
Apple MacBook Pro M2 / 8Go / 512 Go SSD / Silver,"6 149,000 DT"
Pc Portable Dell Latitude 7330 2 en 1 / i7 12è Gén / 16 Go / 512 Go SSD,"6 359,000 DT"
"PC Portable Apple MacBook Air M2 (2023) 15"" / 8 Go / 512 Go SSD / Starlight","6 459,000 DT"
"PC Portable Apple MacBook Air M2 (2023) 15"" / 8 Go / 512 Go SSD / Midnight","6 459,000 DT"
PC Portable Lenovo Légion Pro 5 16IRX8 / i7-13700HX / RTX 4070 8G / 16 Go / 1 To SSD / Windows 11 Avec casque gaming H300 + Souris de jeu RVB Lenovo Légion M300,"6 499,000 DT"
Pc Portable Gamer ASUS ROG Strix G16 / i9-14900HX / RTX 4060 8G / 16 Go DDR5 / 1 To SSD / Windows 11 / Noir,"6 499,000 DT"
"PC Portable Lenovo ThinkPad X12 Amovible Gén 1 / 12.3"" / i7 11è Gén / Noir","6 599,000 DT"
Station de travail Mobile Dell Precision 7530 / i7 8è Gén / 16Go,"6 767,000 DT"
PC Portable Lenovo Légion Pro 5 16ARX8 / Ryzen 9 7945HX / RTX 4070 8G / 16 Go / 1 To SSD / Noir / Windows 11,"6 999,000 DT"
PC PORTABLE GIGABYTE AORUS 16X ASG / I9-14900HX / RTX 4070 8G / 32 Go / 2 To SSD / WINDOWS 11 / NOIR,"7 069,000 DT"
PC Portable Lenovo Légion Pro 5 16ARX8 / Ryzen 9 7945HX / RTX 4070 8G / 24 Go / 1 To SSD / Noir / Windows 11,"7 079,000 DT"
Apple Macebook Pro M3 / 8Go / 512 SSD / Gris sidéral,"7 129,000 DT"
PC Portable Lenovo Légion Pro 5 16ARX8 / Ryzen 9 7945HX / RTX 4070 8G / 32 Go / 1 To SSD / Noir / Windows 11,"7 149,000 DT"
Pc Portable Gamer ASUS ROG Strix G16 G614 / i9-14900HX / RTX 4060 8G / 32 Go DDR5 / 2 To SSD / Windows 11 / Noir,"7 249,000 DT"
PC Portable Lenovo Légion Pro 5 16ARX8 / Ryzen 9 7945HX / RTX 4070 8G / 40 Go / 1 To SSD / Noir / Windows 11,"7 255,000 DT"
PC PORTABLE ASUS ZENBOOK  UX8406MA / ULTRA 9 185H / 32 Go / 1 To SSD /  WINDOWS 11,"7 259,000 DT"
Pc Portable DELL Latitude 7350 2-en-1 / Ultra 7 165U / 16 Go / 512 Go SSD / Windows 11 Pro / Gris,"7 299,000 DT"
Pc portable Lenovo ThinkPad X1 Carbon Gen 11 / i7-1355U 13è Gén / 32 Go / Noir / Windows 11 Pro,"7 299,000 DT"
PC Portable Lenovo Légion Pro 5 16ARX8 / Ryzen 9 7945HX / RTX 4070 8G / 48 Go / 1 To SSD / Noir / Windows 11,"7 329,000 DT"
Pc Portable Lenovo ThinkPad P15v Gen 3 / i7-12800H / T600 4G / 16 Go DDR5 / 512 Go SSD / Windows 11 Pro / Noir,"7 399,000 DT"
PC Portable Lenovo Légion Pro 5 16ARX8 / Ryzen 9 7945HX / RTX 4070 8G / 64 Go / 1 To SSD / Noir / Windows 11,"7 509,000 DT"
Pc portable MSI Gaming Raider GE68HX 13VF / i7-13700HX / RTX 4060 8G / 16 Go,"7 549,000 DT"
PC PORTABLE LENOVO THINKPAD X1 CARBON G12 ULTRA 7 / 32GO 1TO SSD / /NOIR / Windows 11 Pro,"7 559,000 DT"
Pc portable MSI Gaming Vector GP68 HX  / i7-13700HX / RTX 4070 8G / 16 Go,"7 709,000 DT"
Pc Portable Gamer ASUS ROG Strix G16 G614 / i9-14900HX / RTX 4070 8G / 32 Go DDR5 / 1 To SSD / Windows 11 / Noir,"8 119,000 DT"
PC Portable Lenovo ThinkPad X1 YOGA GEN 6 / i7 11è Gén / 16 Go,"8 199,000 DT"
PC PORTABLE GAMER LENOVO LEGION SLIM 7 / 16IRH8 I9 13GEN / 32 GO / 1 TO SSD / GRIS,"8 279,000 DT"
"Apple Macebook Pro M2 14"" / 16 Go / 512 Go SSD / Gris sidéral","8 329,000 DT"
"PC PORTABLE ASUS ZenBook Pro 14.5"" UX8402VV / I9-13900H / 32G 1TSSD / WINDOWS 11","8 499,000 DT"
Pc Portable Gamer ASUS ROG Zephyrus G16 GU605MI / Ultra 9-185H / RTX 4070 8G / 32 Go / 1 To SSD / Windows 11,"8 649,000 DT"
"Apple MacBook Pro M3 Pro 14"" / 18 Go / 512 Go / Noir sidéral","8 799,000 DT"
Pc Portable DELL Latitude 7350 détachable / Ultra 7 164U / 32 Go / 512 Go SSD / Windows 11 Pro / Gris,"9 699,000 DT"
Pc portable MSI CreatorPro M16 / i7 12é Gen / RTX A3000 12G / 32 Go,"9 969,000 DT"
"Apple MacBook Pro M3 Pro 14"" / 18 Go / 1 To / Noir sidéral","10 499,000 DT"
Apple MacBook Pro M3 / 18 Go / 512 Go SSD  / Silver,"10 689,000 DT"
Apple MacBook Pro M3 / 18 Go / 512 Go SSD  / Noir,"10 689,000 DT"
Station de travail Mobile Dell Precision 5560 Tactile / i7 11è Gén / 32 Go,"11 179,000 DT"
Pc Portable Lenovo Légion Pro 7 / i9-13900HX / RTX 4080 12G / 32 Go / 1 To SSD / Gris,"11 259,000 DT"
"Apple Macebook Pro M2 16"" / 16 Go / 1 To SSD / Gris","11 788,000 DT"
